old_hts10,new_hts10,effective_date,change_type,partial,action_old,action_new,nomenclature,same_date_reuse,source_doc,source_doc_sha256,source_page,source_row_id,override_id
0704904025,0704904028,2024-07-01,rename,FALSE,Discontinued,Established,HTS,FALSE,484f_2024-07.pdf,002d15e0dcc94ec8b3c9c652bf3c920b53b15b4d67049f02643e133e139a4149,1,484f_2024-07.pdf#r0001;484f_2024-07.pdf#r0002,NA
0811908095,0811908090,2024-07-01,split,TRUE,Discontinued,Established,HTS,FALSE,484f_2024-07.pdf,002d15e0dcc94ec8b3c9c652bf3c920b53b15b4d67049f02643e133e139a4149,2,484f_2024-07.pdf#r0003;484f_2024-07.pdf#r0004,NA
0811908095,0811908097,2024-07-01,split,TRUE,Discontinued,Established,HTS,FALSE,484f_2024-07.pdf,002d15e0dcc94ec8b3c9c652bf3c920b53b15b4d67049f02643e133e139a4149,2,484f_2024-07.pdf#r0004;484f_2024-07.pdf#r0005,NA
2007996520,2007996525,2024-07-01,split,TRUE,Discontinued,Established,HTS,FALSE,484f_2024-07.pdf,002d15e0dcc94ec8b3c9c652bf3c920b53b15b4d67049f02643e133e139a4149,2,484f_2024-07.pdf#r0006;484f_2024-07.pdf#r0007,NA
2007996520,2007996535,2024-07-01,split,TRUE,Discontinued,Established,HTS,FALSE,484f_2024-07.pdf,002d15e0dcc94ec8b3c9c652bf3c920b53b15b4d67049f02643e133e139a4149,2,484f_2024-07.pdf#r0006;484f_2024-07.pdf#r0008,NA
2915901800,2915901810,2024-07-01,split,TRUE,Annotated,Established,HTS,FALSE,484f_2024-07.pdf,002d15e0dcc94ec8b3c9c652bf3c920b53b15b4d67049f02643e133e139a4149,4,484f_2024-07.pdf#r0009;484f_2024-07.pdf#r0010,NA
2915901800,2915901890,2024-07-01,split,TRUE,Annotated,Established,HTS,FALSE,484f_2024-07.pdf,002d15e0dcc94ec8b3c9c652bf3c920b53b15b4d67049f02643e133e139a4149,4,484f_2024-07.pdf#r0009;484f_2024-07.pdf#r0011,NA
3926909985,3926909987,2024-07-01,split,TRUE,Discontinued,Established,HTS,FALSE,484f_2024-07.pdf,002d15e0dcc94ec8b3c9c652bf3c920b53b15b4d67049f02643e133e139a4149,5,484f_2024-07.pdf#r0015;484f_2024-07.pdf#r0016,NA
3926909985,3926909989,2024-07-01,split,TRUE,Discontinued,Established,HTS,FALSE,484f_2024-07.pdf,002d15e0dcc94ec8b3c9c652bf3c920b53b15b4d67049f02643e133e139a4149,5,484f_2024-07.pdf#r0015;484f_2024-07.pdf#r0017,NA
7306305025,7306305026,2024-07-01,split,TRUE,Discontinued,Established,HTS,FALSE,484f_2024-07.pdf,002d15e0dcc94ec8b3c9c652bf3c920b53b15b4d67049f02643e133e139a4149,6,484f_2024-07.pdf#r0018;484f_2024-07.pdf#r0019,NA
7306305025,7306305027,2024-07-01,split,TRUE,Discontinued,Established,HTS,FALSE,484f_2024-07.pdf,002d15e0dcc94ec8b3c9c652bf3c920b53b15b4d67049f02643e133e139a4149,6,484f_2024-07.pdf#r0018;484f_2024-07.pdf#r0020,NA
7306305032,7306305031,2024-07-01,split,TRUE,Discontinued,Established,HTS,FALSE,484f_2024-07.pdf,002d15e0dcc94ec8b3c9c652bf3c920b53b15b4d67049f02643e133e139a4149,6,484f_2024-07.pdf#r0021;484f_2024-07.pdf#r0022,NA
7306305032,7306305033,2024-07-01,split,TRUE,Discontinued,Established,HTS,FALSE,484f_2024-07.pdf,002d15e0dcc94ec8b3c9c652bf3c920b53b15b4d67049f02643e133e139a4149,6,484f_2024-07.pdf#r0022;484f_2024-07.pdf#r0023,NA
7306305040,7306305041,2024-07-01,split,TRUE,Discontinued,Established,HTS,FALSE,484f_2024-07.pdf,002d15e0dcc94ec8b3c9c652bf3c920b53b15b4d67049f02643e133e139a4149,6,484f_2024-07.pdf#r0024;484f_2024-07.pdf#r0025,NA
7306305040,7306305043,2024-07-01,split,TRUE,Discontinued,Established,HTS,FALSE,484f_2024-07.pdf,002d15e0dcc94ec8b3c9c652bf3c920b53b15b4d67049f02643e133e139a4149,6,484f_2024-07.pdf#r0024;484f_2024-07.pdf#r0026,NA
7306305055,7306305056,2024-07-01,split,TRUE,Discontinued,Established,HTS,FALSE,484f_2024-07.pdf,002d15e0dcc94ec8b3c9c652bf3c920b53b15b4d67049f02643e133e139a4149,6,484f_2024-07.pdf#r0027;484f_2024-07.pdf#r0028,NA
7306305055,7306305057,2024-07-01,split,TRUE,Discontinued,Established,HTS,FALSE,484f_2024-07.pdf,002d15e0dcc94ec8b3c9c652bf3c920b53b15b4d67049f02643e133e139a4149,6,484f_2024-07.pdf#r0027;484f_2024-07.pdf#r0029,NA
8309900000,8309900010,2024-07-01,split,TRUE,Annotated,Established,HTS,FALSE,484f_2024-07.pdf,002d15e0dcc94ec8b3c9c652bf3c920b53b15b4d67049f02643e133e139a4149,7,484f_2024-07.pdf#r0030;484f_2024-07.pdf#r0031,NA
8309900000,8309900090,2024-07-01,split,TRUE,Annotated,Established,HTS,FALSE,484f_2024-07.pdf,002d15e0dcc94ec8b3c9c652bf3c920b53b15b4d67049f02643e133e139a4149,7,484f_2024-07.pdf#r0030;484f_2024-07.pdf#r0032,NA
8542310001,8542310015,2024-07-01,split,TRUE,Annotated,Established,HTS,FALSE,484f_2024-07.pdf,002d15e0dcc94ec8b3c9c652bf3c920b53b15b4d67049f02643e133e139a4149,8,484f_2024-07.pdf#r0033;484f_2024-07.pdf#r0034,NA
8542310001,8542310020,2024-07-01,split,TRUE,Annotated,Established,HTS,FALSE,484f_2024-07.pdf,002d15e0dcc94ec8b3c9c652bf3c920b53b15b4d67049f02643e133e139a4149,8,484f_2024-07.pdf#r0033;484f_2024-07.pdf#r0035,NA
8542310001,8542310025,2024-07-01,split,TRUE,Annotated,Established,HTS,FALSE,484f_2024-07.pdf,002d15e0dcc94ec8b3c9c652bf3c920b53b15b4d67049f02643e133e139a4149,8,484f_2024-07.pdf#r0033;484f_2024-07.pdf#r0036,NA
8542310001,8542310030,2024-07-01,split,TRUE,Annotated,Established,HTS,FALSE,484f_2024-07.pdf,002d15e0dcc94ec8b3c9c652bf3c920b53b15b4d67049f02643e133e139a4149,8,484f_2024-07.pdf#r0033;484f_2024-07.pdf#r0037,NA
8542310001,8542310035,2024-07-01,split,TRUE,Annotated,Established,HTS,FALSE,484f_2024-07.pdf,002d15e0dcc94ec8b3c9c652bf3c920b53b15b4d67049f02643e133e139a4149,8,484f_2024-07.pdf#r0033;484f_2024-07.pdf#r0038,NA
8542310001,8542310040,2024-07-01,split,TRUE,Annotated,Established,HTS,FALSE,484f_2024-07.pdf,002d15e0dcc94ec8b3c9c652bf3c920b53b15b4d67049f02643e133e139a4149,8,484f_2024-07.pdf#r0033;484f_2024-07.pdf#r0039,NA
8542310001,8542310045,2024-07-01,split,TRUE,Annotated,Established,HTS,FALSE,484f_2024-07.pdf,002d15e0dcc94ec8b3c9c652bf3c920b53b15b4d67049f02643e133e139a4149,8,484f_2024-07.pdf#r0033;484f_2024-07.pdf#r0040,NA
8542310001,8542310050,2024-07-01,split,TRUE,Annotated,Established,HTS,FALSE,484f_2024-07.pdf,002d15e0dcc94ec8b3c9c652bf3c920b53b15b4d67049f02643e133e139a4149,8,484f_2024-07.pdf#r0033;484f_2024-07.pdf#r0041,NA
8542310001,8542310055,2024-07-01,split,TRUE,Annotated,Established,HTS,FALSE,484f_2024-07.pdf,002d15e0dcc94ec8b3c9c652bf3c920b53b15b4d67049f02643e133e139a4149,8,484f_2024-07.pdf#r0033;484f_2024-07.pdf#r0042,NA
8542310001,8542310060,2024-07-01,split,TRUE,Annotated,Established,HTS,FALSE,484f_2024-07.pdf,002d15e0dcc94ec8b3c9c652bf3c920b53b15b4d67049f02643e133e139a4149,8,484f_2024-07.pdf#r0033;484f_2024-07.pdf#r0043,NA
8542310001,8542310065,2024-07-01,split,TRUE,Annotated,Established,HTS,FALSE,484f_2024-07.pdf,002d15e0dcc94ec8b3c9c652bf3c920b53b15b4d67049f02643e133e139a4149,8,484f_2024-07.pdf#r0033;484f_2024-07.pdf#r0044,NA
8542310001,8542310070,2024-07-01,split,TRUE,Annotated,Established,HTS,FALSE,484f_2024-07.pdf,002d15e0dcc94ec8b3c9c652bf3c920b53b15b4d67049f02643e133e139a4149,8,484f_2024-07.pdf#r0033;484f_2024-07.pdf#r0045,NA
8542310001,8542310075,2024-07-01,split,TRUE,Annotated,Established,HTS,FALSE,484f_2024-07.pdf,002d15e0dcc94ec8b3c9c652bf3c920b53b15b4d67049f02643e133e139a4149,8,484f_2024-07.pdf#r0033;484f_2024-07.pdf#r0046,NA
8542390001,8542390010,2024-07-01,split,TRUE,Annotated,Established,HTS,FALSE,484f_2024-07.pdf,002d15e0dcc94ec8b3c9c652bf3c920b53b15b4d67049f02643e133e139a4149,9,484f_2024-07.pdf#r0047;484f_2024-07.pdf#r0048,NA
8542390001,8542390020,2024-07-01,split,TRUE,Annotated,Established,HTS,FALSE,484f_2024-07.pdf,002d15e0dcc94ec8b3c9c652bf3c920b53b15b4d67049f02643e133e139a4149,9,484f_2024-07.pdf#r0047;484f_2024-07.pdf#r0049,NA
8542390001,8542390030,2024-07-01,split,TRUE,Annotated,Established,HTS,FALSE,484f_2024-07.pdf,002d15e0dcc94ec8b3c9c652bf3c920b53b15b4d67049f02643e133e139a4149,9,484f_2024-07.pdf#r0047;484f_2024-07.pdf#r0050,NA
8542390001,8542390040,2024-07-01,split,TRUE,Annotated,Established,HTS,FALSE,484f_2024-07.pdf,002d15e0dcc94ec8b3c9c652bf3c920b53b15b4d67049f02643e133e139a4149,9,484f_2024-07.pdf#r0047;484f_2024-07.pdf#r0051,NA
8542390001,8542390050,2024-07-01,split,TRUE,Annotated,Established,HTS,FALSE,484f_2024-07.pdf,002d15e0dcc94ec8b3c9c652bf3c920b53b15b4d67049f02643e133e139a4149,9,484f_2024-07.pdf#r0047;484f_2024-07.pdf#r0052,NA
8542390001,8542390060,2024-07-01,split,TRUE,Annotated,Established,HTS,FALSE,484f_2024-07.pdf,002d15e0dcc94ec8b3c9c652bf3c920b53b15b4d67049f02643e133e139a4149,9,484f_2024-07.pdf#r0047;484f_2024-07.pdf#r0053,NA
9401612010,9401612011,2024-07-01,split,TRUE,Discontinued,Established,HTS,FALSE,484f_2024-07.pdf,002d15e0dcc94ec8b3c9c652bf3c920b53b15b4d67049f02643e133e139a4149,10,484f_2024-07.pdf#r0054;484f_2024-07.pdf#r0055,NA
9401612010,9401612015,2024-07-01,split,TRUE,Discontinued,Established,HTS,FALSE,484f_2024-07.pdf,002d15e0dcc94ec8b3c9c652bf3c920b53b15b4d67049f02643e133e139a4149,10,484f_2024-07.pdf#r0054;484f_2024-07.pdf#r0056,NA
9401612030,9401612031,2024-07-01,split,TRUE,Discontinued,Established,HTS,FALSE,484f_2024-07.pdf,002d15e0dcc94ec8b3c9c652bf3c920b53b15b4d67049f02643e133e139a4149,10,484f_2024-07.pdf#r0057;484f_2024-07.pdf#r0058,NA
9401612030,9401612035,2024-07-01,split,TRUE,Discontinued,Established,HTS,FALSE,484f_2024-07.pdf,002d15e0dcc94ec8b3c9c652bf3c920b53b15b4d67049f02643e133e139a4149,10,484f_2024-07.pdf#r0057;484f_2024-07.pdf#r0059,NA
9401694010,9401694011,2024-07-01,split,TRUE,Discontinued,Established,HTS,FALSE,484f_2024-07.pdf,002d15e0dcc94ec8b3c9c652bf3c920b53b15b4d67049f02643e133e139a4149,10,484f_2024-07.pdf#r0060;484f_2024-07.pdf#r0061,NA
9401694010,9401694015,2024-07-01,split,TRUE,Discontinued,Established,HTS,FALSE,484f_2024-07.pdf,002d15e0dcc94ec8b3c9c652bf3c920b53b15b4d67049f02643e133e139a4149,10,484f_2024-07.pdf#r0060;484f_2024-07.pdf#r0062,NA
9401694030,9401694031,2024-07-01,split,TRUE,Discontinued,Established,HTS,FALSE,484f_2024-07.pdf,002d15e0dcc94ec8b3c9c652bf3c920b53b15b4d67049f02643e133e139a4149,10,484f_2024-07.pdf#r0063;484f_2024-07.pdf#r0064,NA
9401694030,9401694035,2024-07-01,split,TRUE,Discontinued,Established,HTS,FALSE,484f_2024-07.pdf,002d15e0dcc94ec8b3c9c652bf3c920b53b15b4d67049f02643e133e139a4149,10,484f_2024-07.pdf#r0063;484f_2024-07.pdf#r0065,NA
9802008055,NA,2024-07-01,no_successor,FALSE,Discontinued,NA,HTS,FALSE,484f_2024-07.pdf,002d15e0dcc94ec8b3c9c652bf3c920b53b15b4d67049f02643e133e139a4149,11,484f_2024-07.pdf#r0066,NA
9802008068,9802008069,2024-07-01,rename,FALSE,Discontinued,Established,HTS,FALSE,484f_2024-07.pdf,002d15e0dcc94ec8b3c9c652bf3c920b53b15b4d67049f02643e133e139a4149,11,484f_2024-07.pdf#r0067;484f_2024-07.pdf#r0068,NA
0603190195,0603190137,2025-01-01,split,TRUE,Discontinued,Established,HTS,FALSE,484f_2025-01.pdf,48a5e8fb7bcb98cee0d2ac3757768f7a618bc8794da39dbc35358cf501cf337b,1,484f_2025-01.pdf#r0001;484f_2025-01.pdf#r0003,NA
0603190195,0603190155,2025-01-01,split,TRUE,Discontinued,Established,HTS,FALSE,484f_2025-01.pdf,48a5e8fb7bcb98cee0d2ac3757768f7a618bc8794da39dbc35358cf501cf337b,1,484f_2025-01.pdf#r0002;484f_2025-01.pdf#r0003,NA
0603190195,0603190197,2025-01-01,split,TRUE,Discontinued,Established,HTS,FALSE,484f_2025-01.pdf,48a5e8fb7bcb98cee0d2ac3757768f7a618bc8794da39dbc35358cf501cf337b,1,484f_2025-01.pdf#r0003;484f_2025-01.pdf#r0004,NA
0703104065,0703104055,2025-01-01,split,TRUE,Discontinued,Established,HTS,FALSE,484f_2025-01.pdf,48a5e8fb7bcb98cee0d2ac3757768f7a618bc8794da39dbc35358cf501cf337b,2,484f_2025-01.pdf#r0005;484f_2025-01.pdf#r0008,NA
0703104065,0703104060,2025-01-01,split,TRUE,Discontinued,Established,HTS,FALSE,484f_2025-01.pdf,48a5e8fb7bcb98cee0d2ac3757768f7a618bc8794da39dbc35358cf501cf337b,2,484f_2025-01.pdf#r0006;484f_2025-01.pdf#r0008,NA
0703104065,0703104064,2025-01-01,split,TRUE,Discontinued,Established,HTS,FALSE,484f_2025-01.pdf,48a5e8fb7bcb98cee0d2ac3757768f7a618bc8794da39dbc35358cf501cf337b,2,484f_2025-01.pdf#r0007;484f_2025-01.pdf#r0008,NA
0703104065,0703104066,2025-01-01,split,TRUE,Discontinued,Established,HTS,FALSE,484f_2025-01.pdf,48a5e8fb7bcb98cee0d2ac3757768f7a618bc8794da39dbc35358cf501cf337b,2,484f_2025-01.pdf#r0008;484f_2025-01.pdf#r0009,NA
0703104065,0703104068,2025-01-01,split,TRUE,Discontinued,Established,HTS,FALSE,484f_2025-01.pdf,48a5e8fb7bcb98cee0d2ac3757768f7a618bc8794da39dbc35358cf501cf337b,2,484f_2025-01.pdf#r0008;484f_2025-01.pdf#r0010,NA
0708209010,0708209020,2025-01-01,split,TRUE,Discontinued,Established,HTS,FALSE,484f_2025-01.pdf,48a5e8fb7bcb98cee0d2ac3757768f7a618bc8794da39dbc35358cf501cf337b,3,484f_2025-01.pdf#r0011;484f_2025-01.pdf#r0012,NA
0708209010,0708209040,2025-01-01,split,TRUE,Discontinued,Established,HTS,FALSE,484f_2025-01.pdf,48a5e8fb7bcb98cee0d2ac3757768f7a618bc8794da39dbc35358cf501cf337b,3,484f_2025-01.pdf#r0011;484f_2025-01.pdf#r0013,NA
0708209010,0708209060,2025-01-01,split,TRUE,Discontinued,Established,HTS,FALSE,484f_2025-01.pdf,48a5e8fb7bcb98cee0d2ac3757768f7a618bc8794da39dbc35358cf501cf337b,3,484f_2025-01.pdf#r0011;484f_2025-01.pdf#r0014,NA
0709302000,0709302020,2025-01-01,split,TRUE,Annotated,Established,HTS,FALSE,484f_2025-01.pdf,48a5e8fb7bcb98cee0d2ac3757768f7a618bc8794da39dbc35358cf501cf337b,4,484f_2025-01.pdf#r0015;484f_2025-01.pdf#r0016,NA
0709302000,0709302040,2025-01-01,split,TRUE,Annotated,Established,HTS,FALSE,484f_2025-01.pdf,48a5e8fb7bcb98cee0d2ac3757768f7a618bc8794da39dbc35358cf501cf337b,4,484f_2025-01.pdf#r0015;484f_2025-01.pdf#r0017,NA
0709302000,0709302060,2025-01-01,split,TRUE,Annotated,Established,HTS,FALSE,484f_2025-01.pdf,48a5e8fb7bcb98cee0d2ac3757768f7a618bc8794da39dbc35358cf501cf337b,4,484f_2025-01.pdf#r0015;484f_2025-01.pdf#r0018,NA
0709304000,0709304020,2025-01-01,split,TRUE,Annotated,Established,HTS,FALSE,484f_2025-01.pdf,48a5e8fb7bcb98cee0d2ac3757768f7a618bc8794da39dbc35358cf501cf337b,4,484f_2025-01.pdf#r0019;484f_2025-01.pdf#r0020,NA
0709304000,0709304040,2025-01-01,split,TRUE,Annotated,Established,HTS,FALSE,484f_2025-01.pdf,48a5e8fb7bcb98cee0d2ac3757768f7a618bc8794da39dbc35358cf501cf337b,4,484f_2025-01.pdf#r0019;484f_2025-01.pdf#r0021,NA
0709304000,0709304060,2025-01-01,split,TRUE,Annotated,Established,HTS,FALSE,484f_2025-01.pdf,48a5e8fb7bcb98cee0d2ac3757768f7a618bc8794da39dbc35358cf501cf337b,4,484f_2025-01.pdf#r0019;484f_2025-01.pdf#r0022,NA
0709999080,0709999005,2025-01-01,split,TRUE,Discontinued,Established,HTS,FALSE,484f_2025-01.pdf,48a5e8fb7bcb98cee0d2ac3757768f7a618bc8794da39dbc35358cf501cf337b,5,484f_2025-01.pdf#r0023;484f_2025-01.pdf#r0024,NA
0709999080,0709999085,2025-01-01,split,TRUE,Discontinued,Established,HTS,FALSE,484f_2025-01.pdf,48a5e8fb7bcb98cee0d2ac3757768f7a618bc8794da39dbc35358cf501cf337b,5,484f_2025-01.pdf#r0024;484f_2025-01.pdf#r0025,NA
0804304000,0804304010,2025-01-01,split,TRUE,Annotated,Established,HTS,FALSE,484f_2025-01.pdf,48a5e8fb7bcb98cee0d2ac3757768f7a618bc8794da39dbc35358cf501cf337b,5,484f_2025-01.pdf#r0026;484f_2025-01.pdf#r0027,NA
0804304000,0804304090,2025-01-01,split,TRUE,Annotated,Established,HTS,FALSE,484f_2025-01.pdf,48a5e8fb7bcb98cee0d2ac3757768f7a618bc8794da39dbc35358cf501cf337b,5,484f_2025-01.pdf#r0026;484f_2025-01.pdf#r0028,NA
0805404000,0805404010,2025-01-01,split,TRUE,Annotated,Established,HTS,FALSE,484f_2025-01.pdf,48a5e8fb7bcb98cee0d2ac3757768f7a618bc8794da39dbc35358cf501cf337b,6,484f_2025-01.pdf#r0029;484f_2025-01.pdf#r0030,NA
0805404000,0805404090,2025-01-01,split,TRUE,Annotated,Established,HTS,FALSE,484f_2025-01.pdf,48a5e8fb7bcb98cee0d2ac3757768f7a618bc8794da39dbc35358cf501cf337b,6,484f_2025-01.pdf#r0029;484f_2025-01.pdf#r0031,NA
0805408000,0805408010,2025-01-01,split,TRUE,Annotated,Established,HTS,FALSE,484f_2025-01.pdf,48a5e8fb7bcb98cee0d2ac3757768f7a618bc8794da39dbc35358cf501cf337b,6,484f_2025-01.pdf#r0032;484f_2025-01.pdf#r0033,NA
0805408000,0805408090,2025-01-01,split,TRUE,Annotated,Established,HTS,FALSE,484f_2025-01.pdf,48a5e8fb7bcb98cee0d2ac3757768f7a618bc8794da39dbc35358cf501cf337b,6,484f_2025-01.pdf#r0032;484f_2025-01.pdf#r0034,NA
0810904610,0810904675,2025-01-01,rename,FALSE,Discontinued,Established,HTS,FALSE,484f_2025-01.pdf,48a5e8fb7bcb98cee0d2ac3757768f7a618bc8794da39dbc35358cf501cf337b,7,484f_2025-01.pdf#r0035;484f_2025-01.pdf#r0036,NA
2710124590,2710124560,2025-01-01,split,TRUE,Discontinued,Established,HTS,FALSE,484f_2025-01.pdf,48a5e8fb7bcb98cee0d2ac3757768f7a618bc8794da39dbc35358cf501cf337b,17,484f_2025-01.pdf#r0073;484f_2025-01.pdf#r0074,NA
2710124590,2710124595,2025-01-01,split,TRUE,Discontinued,Established,HTS,FALSE,484f_2025-01.pdf,48a5e8fb7bcb98cee0d2ac3757768f7a618bc8794da39dbc35358cf501cf337b,17,484f_2025-01.pdf#r0074;484f_2025-01.pdf#r0075,NA
2804290050,2804290020,2025-01-01,split,TRUE,Discontinued,Established,HTS,FALSE,484f_2025-01.pdf,48a5e8fb7bcb98cee0d2ac3757768f7a618bc8794da39dbc35358cf501cf337b,8,484f_2025-01.pdf#r0037;484f_2025-01.pdf#r0039,NA
2804290050,2804290030,2025-01-01,split,TRUE,Discontinued,Established,HTS,FALSE,484f_2025-01.pdf,48a5e8fb7bcb98cee0d2ac3757768f7a618bc8794da39dbc35358cf501cf337b,8,484f_2025-01.pdf#r0038;484f_2025-01.pdf#r0039,NA
2804290050,2804290055,2025-01-01,split,TRUE,Discontinued,Established,HTS,FALSE,484f_2025-01.pdf,48a5e8fb7bcb98cee0d2ac3757768f7a618bc8794da39dbc35358cf501cf337b,8,484f_2025-01.pdf#r0039;484f_2025-01.pdf#r0040,NA
2805199000,2805199010,2025-01-01,split,TRUE,Annotated,Established,HTS,FALSE,484f_2025-01.pdf,48a5e8fb7bcb98cee0d2ac3757768f7a618bc8794da39dbc35358cf501cf337b,8,484f_2025-01.pdf#r0041;484f_2025-01.pdf#r0042,NA
2805199000,2805199090,2025-01-01,split,TRUE,Annotated,Established,HTS,FALSE,484f_2025-01.pdf,48a5e8fb7bcb98cee0d2ac3757768f7a618bc8794da39dbc35358cf501cf337b,8,484f_2025-01.pdf#r0041;484f_2025-01.pdf#r0043,NA
2822000000,2822000010,2025-01-01,split,TRUE,Annotated,Established,HTS,FALSE,484f_2025-01.pdf,48a5e8fb7bcb98cee0d2ac3757768f7a618bc8794da39dbc35358cf501cf337b,9,484f_2025-01.pdf#r0044;484f_2025-01.pdf#r0045,NA
2822000000,2822000090,2025-01-01,split,TRUE,Annotated,Established,HTS,FALSE,484f_2025-01.pdf,48a5e8fb7bcb98cee0d2ac3757768f7a618bc8794da39dbc35358cf501cf337b,9,484f_2025-01.pdf#r0044;484f_2025-01.pdf#r0046,NA
2826909000,2826909010,2025-01-01,split,TRUE,Annotated,Established,HTS,FALSE,484f_2025-01.pdf,48a5e8fb7bcb98cee0d2ac3757768f7a618bc8794da39dbc35358cf501cf337b,10,484f_2025-01.pdf#r0047;484f_2025-01.pdf#r0048,NA
2826909000,2826909090,2025-01-01,split,TRUE,Annotated,Established,HTS,FALSE,484f_2025-01.pdf,48a5e8fb7bcb98cee0d2ac3757768f7a618bc8794da39dbc35358cf501cf337b,10,484f_2025-01.pdf#r0047;484f_2025-01.pdf#r0049,NA
2833295100,2833295110,2025-01-01,split,TRUE,Annotated,Established,HTS,FALSE,484f_2025-01.pdf,48a5e8fb7bcb98cee0d2ac3757768f7a618bc8794da39dbc35358cf501cf337b,10,484f_2025-01.pdf#r0050;484f_2025-01.pdf#r0051,NA
2833295100,2833295190,2025-01-01,split,TRUE,Annotated,Established,HTS,FALSE,484f_2025-01.pdf,48a5e8fb7bcb98cee0d2ac3757768f7a618bc8794da39dbc35358cf501cf337b,10,484f_2025-01.pdf#r0050;484f_2025-01.pdf#r0052,NA
3801105000,3801105010,2025-01-01,split,TRUE,Annotated,Established,HTS,FALSE,484f_2025-01.pdf,48a5e8fb7bcb98cee0d2ac3757768f7a618bc8794da39dbc35358cf501cf337b,11,484f_2025-01.pdf#r0053;484f_2025-01.pdf#r0054,NA
3801105000,3801105090,2025-01-01,split,TRUE,Annotated,Established,HTS,FALSE,484f_2025-01.pdf,48a5e8fb7bcb98cee0d2ac3757768f7a618bc8794da39dbc35358cf501cf337b,11,484f_2025-01.pdf#r0053;484f_2025-01.pdf#r0055,NA
3818000090,3818000020,2025-01-01,split,TRUE,Discontinued,Established,HTS,FALSE,484f_2025-01.pdf,48a5e8fb7bcb98cee0d2ac3757768f7a618bc8794da39dbc35358cf501cf337b,12,484f_2025-01.pdf#r0056;484f_2025-01.pdf#r0058,NA
3818000090,3818000030,2025-01-01,split,TRUE,Discontinued,Established,HTS,FALSE,484f_2025-01.pdf,48a5e8fb7bcb98cee0d2ac3757768f7a618bc8794da39dbc35358cf501cf337b,12,484f_2025-01.pdf#r0057;484f_2025-01.pdf#r0058,NA
3818000090,3818000095,2025-01-01,split,TRUE,Discontinued,Established,HTS,FALSE,484f_2025-01.pdf,48a5e8fb7bcb98cee0d2ac3757768f7a618bc8794da39dbc35358cf501cf337b,12,484f_2025-01.pdf#r0058;484f_2025-01.pdf#r0059,NA
3824993900,3824993910,2025-01-01,split,TRUE,Annotated,Established,HTS,FALSE,484f_2025-01.pdf,48a5e8fb7bcb98cee0d2ac3757768f7a618bc8794da39dbc35358cf501cf337b,12,484f_2025-01.pdf#r0060;484f_2025-01.pdf#r0061,NA
3824993900,3824993990,2025-01-01,split,TRUE,Annotated,Established,HTS,FALSE,484f_2025-01.pdf,48a5e8fb7bcb98cee0d2ac3757768f7a618bc8794da39dbc35358cf501cf337b,12,484f_2025-01.pdf#r0060;484f_2025-01.pdf#r0062,NA
3921190000,3921190010,2025-01-01,split,TRUE,Annotated,Established,HTS,FALSE,484f_2025-01.pdf,48a5e8fb7bcb98cee0d2ac3757768f7a618bc8794da39dbc35358cf501cf337b,13,484f_2025-01.pdf#r0063;484f_2025-01.pdf#r0064,NA
3921190000,3921190090,2025-01-01,split,TRUE,Annotated,Established,HTS,FALSE,484f_2025-01.pdf,48a5e8fb7bcb98cee0d2ac3757768f7a618bc8794da39dbc35358cf501cf337b,13,484f_2025-01.pdf#r0063;484f_2025-01.pdf#r0065,NA
4420110000,4420110010,2025-01-01,split,TRUE,Annotated,Established,HTS,FALSE,484f_2025-01.pdf,48a5e8fb7bcb98cee0d2ac3757768f7a618bc8794da39dbc35358cf501cf337b,16,484f_2025-01.pdf#r0069;484f_2025-01.pdf#r0070,NA
4420110000,4420110030,2025-01-01,split,TRUE,Annotated,Established,HTS,FALSE,484f_2025-01.pdf,48a5e8fb7bcb98cee0d2ac3757768f7a618bc8794da39dbc35358cf501cf337b,16,484f_2025-01.pdf#r0069;484f_2025-01.pdf#r0071,NA
4420110000,4420110090,2025-01-01,split,TRUE,Annotated,Established,HTS,FALSE,484f_2025-01.pdf,48a5e8fb7bcb98cee0d2ac3757768f7a618bc8794da39dbc35358cf501cf337b,16,484f_2025-01.pdf#r0069;484f_2025-01.pdf#r0072,NA
9401698031,9401698066,2025-01-01,split,TRUE,Discontinued,Established,HTS,FALSE,484f_2025-01.pdf,48a5e8fb7bcb98cee0d2ac3757768f7a618bc8794da39dbc35358cf501cf337b,21,484f_2025-01.pdf#r0082;484f_2025-01.pdf#r0083,NA
9401698031,9401698068,2025-01-01,split,TRUE,Discontinued,Established,HTS,FALSE,484f_2025-01.pdf,48a5e8fb7bcb98cee0d2ac3757768f7a618bc8794da39dbc35358cf501cf337b,21,484f_2025-01.pdf#r0082;484f_2025-01.pdf#r0084,NA
9401698031,9401698090,2025-01-01,split,TRUE,Discontinued,Established,HTS,FALSE,484f_2025-01.pdf,48a5e8fb7bcb98cee0d2ac3757768f7a618bc8794da39dbc35358cf501cf337b,21,484f_2025-01.pdf#r0082;484f_2025-01.pdf#r0085,NA
9403608081,9403608089,2025-01-01,split,TRUE,Discontinued,Established,HTS,FALSE,484f_2025-01.pdf,48a5e8fb7bcb98cee0d2ac3757768f7a618bc8794da39dbc35358cf501cf337b,21,484f_2025-01.pdf#r0086;484f_2025-01.pdf#r0087,NA
9403608081,9403608093,2025-01-01,split,TRUE,Discontinued,Established,HTS,FALSE,484f_2025-01.pdf,48a5e8fb7bcb98cee0d2ac3757768f7a618bc8794da39dbc35358cf501cf337b,21,484f_2025-01.pdf#r0086;484f_2025-01.pdf#r0088,NA
0901110045,0901110035,2025-07-01,split,TRUE,Discontinued,Established,HTS,FALSE,484f_2025-07.pdf,ec250db11b44c8d1b6254c2387167ee85f737d7223809d0c1845fc10e6fc8f78,2,484f_2025-07.pdf#r0001;484f_2025-07.pdf#r0003,NA
0901110045,0901110050,2025-07-01,split,TRUE,Discontinued,Established,HTS,FALSE,484f_2025-07.pdf,ec250db11b44c8d1b6254c2387167ee85f737d7223809d0c1845fc10e6fc8f78,2,484f_2025-07.pdf#r0003;484f_2025-07.pdf#r0004,NA
0901110055,0901110040,2025-07-01,split,TRUE,Discontinued,Established,HTS,FALSE,484f_2025-07.pdf,ec250db11b44c8d1b6254c2387167ee85f737d7223809d0c1845fc10e6fc8f78,2,484f_2025-07.pdf#r0002;484f_2025-07.pdf#r0005,NA
0901110055,0901110065,2025-07-01,split,TRUE,Discontinued,Established,HTS,FALSE,484f_2025-07.pdf,ec250db11b44c8d1b6254c2387167ee85f737d7223809d0c1845fc10e6fc8f78,2,484f_2025-07.pdf#r0005;484f_2025-07.pdf#r0006,NA
0901120015,0901120020,2025-07-01,split,TRUE,Discontinued,Established,HTS,FALSE,484f_2025-07.pdf,ec250db11b44c8d1b6254c2387167ee85f737d7223809d0c1845fc10e6fc8f78,2,484f_2025-07.pdf#r0007;484f_2025-07.pdf#r0008,NA
0901120015,0901120040,2025-07-01,split,TRUE,Discontinued,Established,HTS,FALSE,484f_2025-07.pdf,ec250db11b44c8d1b6254c2387167ee85f737d7223809d0c1845fc10e6fc8f78,2,484f_2025-07.pdf#r0007;484f_2025-07.pdf#r0011,NA
0901120015,0901120060,2025-07-01,split,TRUE,Discontinued,Established,HTS,FALSE,484f_2025-07.pdf,ec250db11b44c8d1b6254c2387167ee85f737d7223809d0c1845fc10e6fc8f78,2,484f_2025-07.pdf#r0007;484f_2025-07.pdf#r0013,NA
0901120025,0901120035,2025-07-01,split,TRUE,Discontinued,Established,HTS,FALSE,484f_2025-07.pdf,ec250db11b44c8d1b6254c2387167ee85f737d7223809d0c1845fc10e6fc8f78,2,484f_2025-07.pdf#r0009;484f_2025-07.pdf#r0010,NA
0901120025,0901120055,2025-07-01,split,TRUE,Discontinued,Established,HTS,FALSE,484f_2025-07.pdf,ec250db11b44c8d1b6254c2387167ee85f737d7223809d0c1845fc10e6fc8f78,2,484f_2025-07.pdf#r0009;484f_2025-07.pdf#r0012,NA
0901120025,0901120075,2025-07-01,split,TRUE,Discontinued,Established,HTS,FALSE,484f_2025-07.pdf,ec250db11b44c8d1b6254c2387167ee85f737d7223809d0c1845fc10e6fc8f78,2,484f_2025-07.pdf#r0009;484f_2025-07.pdf#r0014,NA
0901210035,0901210015,2025-07-01,split,TRUE,Discontinued,Established,HTS,FALSE,484f_2025-07.pdf,ec250db11b44c8d1b6254c2387167ee85f737d7223809d0c1845fc10e6fc8f78,3,484f_2025-07.pdf#r0015;484f_2025-07.pdf#r0019,NA
0901210035,0901210025,2025-07-01,split,TRUE,Discontinued,Established,HTS,FALSE,484f_2025-07.pdf,ec250db11b44c8d1b6254c2387167ee85f737d7223809d0c1845fc10e6fc8f78,3,484f_2025-07.pdf#r0017;484f_2025-07.pdf#r0019,NA
0901210035,0901210040,2025-07-01,split,TRUE,Discontinued,Established,HTS,FALSE,484f_2025-07.pdf,ec250db11b44c8d1b6254c2387167ee85f737d7223809d0c1845fc10e6fc8f78,3,484f_2025-07.pdf#r0019;484f_2025-07.pdf#r0020,NA
0901210045,0901210020,2025-07-01,split,TRUE,Discontinued,Established,HTS,FALSE,484f_2025-07.pdf,ec250db11b44c8d1b6254c2387167ee85f737d7223809d0c1845fc10e6fc8f78,3,484f_2025-07.pdf#r0016;484f_2025-07.pdf#r0021,NA
0901210045,0901210029,2025-07-01,split,TRUE,Discontinued,Established,HTS,FALSE,484f_2025-07.pdf,ec250db11b44c8d1b6254c2387167ee85f737d7223809d0c1845fc10e6fc8f78,3,484f_2025-07.pdf#r0018;484f_2025-07.pdf#r0021,NA
0901210045,0901210049,2025-07-01,split,TRUE,Discontinued,Established,HTS,FALSE,484f_2025-07.pdf,ec250db11b44c8d1b6254c2387167ee85f737d7223809d0c1845fc10e6fc8f78,3,484f_2025-07.pdf#r0021;484f_2025-07.pdf#r0022,NA
0901220045,0901220040,2025-07-01,split,TRUE,Discontinued,Established,HTS,FALSE,484f_2025-07.pdf,ec250db11b44c8d1b6254c2387167ee85f737d7223809d0c1845fc10e6fc8f78,3,484f_2025-07.pdf#r0023;484f_2025-07.pdf#r0024,NA
0901220045,0901220050,2025-07-01,split,TRUE,Discontinued,Established,HTS,FALSE,484f_2025-07.pdf,ec250db11b44c8d1b6254c2387167ee85f737d7223809d0c1845fc10e6fc8f78,3,484f_2025-07.pdf#r0024;484f_2025-07.pdf#r0025,NA
0901220045,0901220055,2025-07-01,split,TRUE,Discontinued,Established,HTS,FALSE,484f_2025-07.pdf,ec250db11b44c8d1b6254c2387167ee85f737d7223809d0c1845fc10e6fc8f78,3,484f_2025-07.pdf#r0024;484f_2025-07.pdf#r0026,NA
0901220060,0901220065,2025-07-01,split,TRUE,Discontinued,Established,HTS,FALSE,484f_2025-07.pdf,ec250db11b44c8d1b6254c2387167ee85f737d7223809d0c1845fc10e6fc8f78,3,484f_2025-07.pdf#r0027;484f_2025-07.pdf#r0028,NA
0901220060,0901220070,2025-07-01,split,TRUE,Discontinued,Established,HTS,FALSE,484f_2025-07.pdf,ec250db11b44c8d1b6254c2387167ee85f737d7223809d0c1845fc10e6fc8f78,3,484f_2025-07.pdf#r0027;484f_2025-07.pdf#r0029,NA
0901220060,0901220075,2025-07-01,split,TRUE,Discontinued,Established,HTS,FALSE,484f_2025-07.pdf,ec250db11b44c8d1b6254c2387167ee85f737d7223809d0c1845fc10e6fc8f78,3,484f_2025-07.pdf#r0027;484f_2025-07.pdf#r0030,NA
0901220060,0901220080,2025-07-01,split,TRUE,Discontinued,Established,HTS,FALSE,484f_2025-07.pdf,ec250db11b44c8d1b6254c2387167ee85f737d7223809d0c1845fc10e6fc8f78,3,484f_2025-07.pdf#r0027;484f_2025-07.pdf#r0031,NA
0901220060,0901220090,2025-07-01,split,TRUE,Discontinued,Established,HTS,FALSE,484f_2025-07.pdf,ec250db11b44c8d1b6254c2387167ee85f737d7223809d0c1845fc10e6fc8f78,3,484f_2025-07.pdf#r0027;484f_2025-07.pdf#r0032,NA
2825600000,2825600010,2025-07-01,split,TRUE,Annotated,Established,HTS,FALSE,484f_2025-07.pdf,ec250db11b44c8d1b6254c2387167ee85f737d7223809d0c1845fc10e6fc8f78,4,484f_2025-07.pdf#r0033;484f_2025-07.pdf#r0034,NA
2825600000,2825600020,2025-07-01,split,TRUE,Annotated,Established,HTS,FALSE,484f_2025-07.pdf,ec250db11b44c8d1b6254c2387167ee85f737d7223809d0c1845fc10e6fc8f78,4,484f_2025-07.pdf#r0033;484f_2025-07.pdf#r0035,NA
2825600000,2825600050,2025-07-01,split,TRUE,Annotated,Established,HTS,FALSE,484f_2025-07.pdf,ec250db11b44c8d1b6254c2387167ee85f737d7223809d0c1845fc10e6fc8f78,4,484f_2025-07.pdf#r0033;484f_2025-07.pdf#r0036,NA
2827399000,2827399010,2025-07-01,split,TRUE,Annotated,Established,HTS,FALSE,484f_2025-07.pdf,ec250db11b44c8d1b6254c2387167ee85f737d7223809d0c1845fc10e6fc8f78,4,484f_2025-07.pdf#r0037;484f_2025-07.pdf#r0038,NA
2827399000,2827399050,2025-07-01,split,TRUE,Annotated,Established,HTS,FALSE,484f_2025-07.pdf,ec250db11b44c8d1b6254c2387167ee85f737d7223809d0c1845fc10e6fc8f78,4,484f_2025-07.pdf#r0037;484f_2025-07.pdf#r0039,NA
2836995000,2836995010,2025-07-01,split,TRUE,Annotated,Established,HTS,FALSE,484f_2025-07.pdf,ec250db11b44c8d1b6254c2387167ee85f737d7223809d0c1845fc10e6fc8f78,5,484f_2025-07.pdf#r0040;484f_2025-07.pdf#r0041,NA
2836995000,2836995050,2025-07-01,split,TRUE,Annotated,Established,HTS,FALSE,484f_2025-07.pdf,ec250db11b44c8d1b6254c2387167ee85f737d7223809d0c1845fc10e6fc8f78,5,484f_2025-07.pdf#r0040;484f_2025-07.pdf#r0042,NA
2842909000,2842909010,2025-07-01,split,TRUE,Annotated,Established,HTS,FALSE,484f_2025-07.pdf,ec250db11b44c8d1b6254c2387167ee85f737d7223809d0c1845fc10e6fc8f78,6,484f_2025-07.pdf#r0043;484f_2025-07.pdf#r0044,NA
2842909000,2842909050,2025-07-01,split,TRUE,Annotated,Established,HTS,FALSE,484f_2025-07.pdf,ec250db11b44c8d1b6254c2387167ee85f737d7223809d0c1845fc10e6fc8f78,6,484f_2025-07.pdf#r0043;484f_2025-07.pdf#r0045,NA
2930904395,2930904330,2025-07-01,split,TRUE,Discontinued,Established,HTS,FALSE,484f_2025-07.pdf,ec250db11b44c8d1b6254c2387167ee85f737d7223809d0c1845fc10e6fc8f78,6,484f_2025-07.pdf#r0046;484f_2025-07.pdf#r0048,NA
2930904395,2930904390,2025-07-01,split,TRUE,Discontinued,Established,HTS,FALSE,484f_2025-07.pdf,ec250db11b44c8d1b6254c2387167ee85f737d7223809d0c1845fc10e6fc8f78,6,484f_2025-07.pdf#r0047;484f_2025-07.pdf#r0048,NA
7013371010,7013371001,2025-07-01,merge,FALSE,Discontinued,NA,HTS,FALSE,484f_2025-07.pdf,ec250db11b44c8d1b6254c2387167ee85f737d7223809d0c1845fc10e6fc8f78,8,484f_2025-07.pdf#r0053,NA
7013371090,7013371001,2025-07-01,merge,FALSE,Discontinued,Established,HTS,FALSE,484f_2025-07.pdf,ec250db11b44c8d1b6254c2387167ee85f737d7223809d0c1845fc10e6fc8f78,8,484f_2025-07.pdf#r0052;484f_2025-07.pdf#r0054,NA
7013994010,7013994001,2025-07-01,merge,FALSE,Discontinued,Established,HTS,FALSE,484f_2025-07.pdf,ec250db11b44c8d1b6254c2387167ee85f737d7223809d0c1845fc10e6fc8f78,8,484f_2025-07.pdf#r0055;484f_2025-07.pdf#r0056,NA
7013994090,7013994001,2025-07-01,merge,FALSE,Discontinued,Established,HTS,FALSE,484f_2025-07.pdf,ec250db11b44c8d1b6254c2387167ee85f737d7223809d0c1845fc10e6fc8f78,8,484f_2025-07.pdf#r0055;484f_2025-07.pdf#r0057,NA
7113195090,7113195091,2025-07-01,split,TRUE,Discontinued,Established,HTS,FALSE,484f_2025-07.pdf,ec250db11b44c8d1b6254c2387167ee85f737d7223809d0c1845fc10e6fc8f78,9,484f_2025-07.pdf#r0058;484f_2025-07.pdf#r0059,NA
7113195090,7113195095,2025-07-01,split,TRUE,Discontinued,Established,HTS,FALSE,484f_2025-07.pdf,ec250db11b44c8d1b6254c2387167ee85f737d7223809d0c1845fc10e6fc8f78,9,484f_2025-07.pdf#r0058;484f_2025-07.pdf#r0060,NA
7308200020,7308200030,2025-07-01,split,TRUE,Discontinued,Established,HTS,FALSE,484f_2025-07.pdf,ec250db11b44c8d1b6254c2387167ee85f737d7223809d0c1845fc10e6fc8f78,10,484f_2025-07.pdf#r0061;484f_2025-07.pdf#r0062,NA
7308200020,7308200035,2025-07-01,split,TRUE,Discontinued,Established,HTS,FALSE,484f_2025-07.pdf,ec250db11b44c8d1b6254c2387167ee85f737d7223809d0c1845fc10e6fc8f78,10,484f_2025-07.pdf#r0061;484f_2025-07.pdf#r0063,NA
7310210050,7310210070,2025-07-01,split,TRUE,Discontinued,Established,HTS,FALSE,484f_2025-07.pdf,ec250db11b44c8d1b6254c2387167ee85f737d7223809d0c1845fc10e6fc8f78,11,484f_2025-07.pdf#r0064;484f_2025-07.pdf#r0065,NA
7310210050,7310210075,2025-07-01,split,TRUE,Discontinued,Established,HTS,FALSE,484f_2025-07.pdf,ec250db11b44c8d1b6254c2387167ee85f737d7223809d0c1845fc10e6fc8f78,11,484f_2025-07.pdf#r0064;484f_2025-07.pdf#r0066,NA
7601106030,7601106040,2025-07-01,split,TRUE,Discontinued,Established,HTS,FALSE,484f_2025-07.pdf,ec250db11b44c8d1b6254c2387167ee85f737d7223809d0c1845fc10e6fc8f78,11,484f_2025-07.pdf#r0067;484f_2025-07.pdf#r0068,NA
7601106030,7601106045,2025-07-01,split,TRUE,Discontinued,Established,HTS,FALSE,484f_2025-07.pdf,ec250db11b44c8d1b6254c2387167ee85f737d7223809d0c1845fc10e6fc8f78,11,484f_2025-07.pdf#r0067;484f_2025-07.pdf#r0069,NA
7612901030,7612901040,2025-07-01,split,TRUE,Discontinued,Established,HTS,FALSE,484f_2025-07.pdf,ec250db11b44c8d1b6254c2387167ee85f737d7223809d0c1845fc10e6fc8f78,13,484f_2025-07.pdf#r0070;484f_2025-07.pdf#r0071,NA
7612901030,7612901045,2025-07-01,split,TRUE,Discontinued,Established,HTS,FALSE,484f_2025-07.pdf,ec250db11b44c8d1b6254c2387167ee85f737d7223809d0c1845fc10e6fc8f78,13,484f_2025-07.pdf#r0070;484f_2025-07.pdf#r0072,NA
8309900010,8309900020,2025-07-01,split,TRUE,Discontinued,Established,HTS,FALSE,484f_2025-07.pdf,ec250db11b44c8d1b6254c2387167ee85f737d7223809d0c1845fc10e6fc8f78,14,484f_2025-07.pdf#r0073;484f_2025-07.pdf#r0074,NA
8309900010,8309900025,2025-07-01,split,TRUE,Discontinued,Established,HTS,FALSE,484f_2025-07.pdf,ec250db11b44c8d1b6254c2387167ee85f737d7223809d0c1845fc10e6fc8f78,14,484f_2025-07.pdf#r0073;484f_2025-07.pdf#r0075,NA
8309900090,8309900080,2025-07-01,split,TRUE,Discontinued,Established,HTS,FALSE,484f_2025-07.pdf,ec250db11b44c8d1b6254c2387167ee85f737d7223809d0c1845fc10e6fc8f78,14,484f_2025-07.pdf#r0076;484f_2025-07.pdf#r0078,NA
8309900090,8309900085,2025-07-01,split,TRUE,Discontinued,Established,HTS,FALSE,484f_2025-07.pdf,ec250db11b44c8d1b6254c2387167ee85f737d7223809d0c1845fc10e6fc8f78,14,484f_2025-07.pdf#r0077;484f_2025-07.pdf#r0078,NA
8412909081,8412909070,2025-07-01,split,TRUE,Discontinued,Established,HTS,FALSE,484f_2025-07.pdf,ec250db11b44c8d1b6254c2387167ee85f737d7223809d0c1845fc10e6fc8f78,15,484f_2025-07.pdf#r0079;484f_2025-07.pdf#r0081,NA
8412909081,8412909075,2025-07-01,split,TRUE,Discontinued,Established,HTS,FALSE,484f_2025-07.pdf,ec250db11b44c8d1b6254c2387167ee85f737d7223809d0c1845fc10e6fc8f78,15,484f_2025-07.pdf#r0080;484f_2025-07.pdf#r0081,NA
8418100075,8418100080,2025-07-01,split,TRUE,Discontinued,Established,HTS,FALSE,484f_2025-07.pdf,ec250db11b44c8d1b6254c2387167ee85f737d7223809d0c1845fc10e6fc8f78,16,484f_2025-07.pdf#r0082;484f_2025-07.pdf#r0083,NA
8418100075,8418100085,2025-07-01,split,TRUE,Discontinued,Established,HTS,FALSE,484f_2025-07.pdf,ec250db11b44c8d1b6254c2387167ee85f737d7223809d0c1845fc10e6fc8f78,16,484f_2025-07.pdf#r0082;484f_2025-07.pdf#r0084,NA
8483405050,8483405020,2025-07-01,split,TRUE,Discontinued,Established,HTS,FALSE,484f_2025-07.pdf,ec250db11b44c8d1b6254c2387167ee85f737d7223809d0c1845fc10e6fc8f78,18,484f_2025-07.pdf#r0085;484f_2025-07.pdf#r0086,NA
8483405050,8483405080,2025-07-01,split,TRUE,Discontinued,Established,HTS,FALSE,484f_2025-07.pdf,ec250db11b44c8d1b6254c2387167ee85f737d7223809d0c1845fc10e6fc8f78,18,484f_2025-07.pdf#r0086;484f_2025-07.pdf#r0087,NA
8483905090,8483905020,2025-07-01,split,TRUE,Discontinued,Established,HTS,FALSE,484f_2025-07.pdf,ec250db11b44c8d1b6254c2387167ee85f737d7223809d0c1845fc10e6fc8f78,19,484f_2025-07.pdf#r0088;484f_2025-07.pdf#r0090,NA
8483905090,8483905080,2025-07-01,split,TRUE,Discontinued,Established,HTS,FALSE,484f_2025-07.pdf,ec250db11b44c8d1b6254c2387167ee85f737d7223809d0c1845fc10e6fc8f78,19,484f_2025-07.pdf#r0089;484f_2025-07.pdf#r0090,NA
8501640121,8501640110,2025-07-01,merge,TRUE,Discontinued,Established,HTS,FALSE,484f_2025-07.pdf,ec250db11b44c8d1b6254c2387167ee85f737d7223809d0c1845fc10e6fc8f78,20,484f_2025-07.pdf#r0091;484f_2025-07.pdf#r0092,NA
8501640130,8501640110,2025-07-01,many_to_many,TRUE,Discontinued,Established,HTS,FALSE,484f_2025-07.pdf,ec250db11b44c8d1b6254c2387167ee85f737d7223809d0c1845fc10e6fc8f78,20,484f_2025-07.pdf#r0091;484f_2025-07.pdf#r0093,NA
8501640130,8501640135,2025-07-01,split,TRUE,Discontinued,Established,HTS,FALSE,484f_2025-07.pdf,ec250db11b44c8d1b6254c2387167ee85f737d7223809d0c1845fc10e6fc8f78,20,484f_2025-07.pdf#r0093;484f_2025-07.pdf#r0094,NA
8501640150,8501640110,2025-07-01,many_to_many,TRUE,Discontinued,Established,HTS,FALSE,484f_2025-07.pdf,ec250db11b44c8d1b6254c2387167ee85f737d7223809d0c1845fc10e6fc8f78,20,484f_2025-07.pdf#r0091;484f_2025-07.pdf#r0095,NA
8501640150,8501640155,2025-07-01,split,TRUE,Discontinued,Established,HTS,FALSE,484f_2025-07.pdf,ec250db11b44c8d1b6254c2387167ee85f737d7223809d0c1845fc10e6fc8f78,20,484f_2025-07.pdf#r0095;484f_2025-07.pdf#r0096,NA
8542390060,8542390070,2025-07-01,split,TRUE,Discontinued,Established,HTS,FALSE,484f_2025-07.pdf,ec250db11b44c8d1b6254c2387167ee85f737d7223809d0c1845fc10e6fc8f78,21,484f_2025-07.pdf#r0097;484f_2025-07.pdf#r0098,NA
8542390060,8542390090,2025-07-01,split,TRUE,Discontinued,Established,HTS,FALSE,484f_2025-07.pdf,ec250db11b44c8d1b6254c2387167ee85f737d7223809d0c1845fc10e6fc8f78,21,484f_2025-07.pdf#r0097;484f_2025-07.pdf#r0099,NA
8607301000,8607301010,2025-07-01,split,TRUE,Annotated,Established,HTS,FALSE,484f_2025-07.pdf,ec250db11b44c8d1b6254c2387167ee85f737d7223809d0c1845fc10e6fc8f78,22,484f_2025-07.pdf#r0100;484f_2025-07.pdf#r0101,NA
8607301000,8607301050,2025-07-01,split,TRUE,Annotated,Established,HTS,FALSE,484f_2025-07.pdf,ec250db11b44c8d1b6254c2387167ee85f737d7223809d0c1845fc10e6fc8f78,22,484f_2025-07.pdf#r0100;484f_2025-07.pdf#r0102,NA
8607301000,8607301090,2025-07-01,split,TRUE,Annotated,Established,HTS,FALSE,484f_2025-07.pdf,ec250db11b44c8d1b6254c2387167ee85f737d7223809d0c1845fc10e6fc8f78,22,484f_2025-07.pdf#r0100;484f_2025-07.pdf#r0103,NA
9401999081,9401999030,2025-07-01,split,TRUE,Discontinued,Established,HTS,FALSE,484f_2025-07.pdf,ec250db11b44c8d1b6254c2387167ee85f737d7223809d0c1845fc10e6fc8f78,23,484f_2025-07.pdf#r0104;484f_2025-07.pdf#r0106,NA
9401999081,9401999070,2025-07-01,split,TRUE,Discontinued,Established,HTS,FALSE,484f_2025-07.pdf,ec250db11b44c8d1b6254c2387167ee85f737d7223809d0c1845fc10e6fc8f78,23,484f_2025-07.pdf#r0105;484f_2025-07.pdf#r0106,NA
0201305085,0201305091,2026-02-01,split,TRUE,Discontinued,Established,HTS,FALSE,484f_2026-01.pdf,6c15b74b65a692c53a3e8072051c8fc0991ff72e16850f059f571cc07c099968,1,484f_2026-01.pdf#r0001;484f_2026-01.pdf#r0002,NA
0201305085,0201305097,2026-02-01,split,TRUE,Discontinued,Established,HTS,FALSE,484f_2026-01.pdf,6c15b74b65a692c53a3e8072051c8fc0991ff72e16850f059f571cc07c099968,1,484f_2026-01.pdf#r0001;484f_2026-01.pdf#r0003,NA
0202305085,0202305091,2026-02-01,split,TRUE,Discontinued,Established,HTS,FALSE,484f_2026-01.pdf,6c15b74b65a692c53a3e8072051c8fc0991ff72e16850f059f571cc07c099968,2,484f_2026-01.pdf#r0004;484f_2026-01.pdf#r0005,NA
0202305085,0202305097,2026-02-01,split,TRUE,Discontinued,Established,HTS,FALSE,484f_2026-01.pdf,6c15b74b65a692c53a3e8072051c8fc0991ff72e16850f059f571cc07c099968,2,484f_2026-01.pdf#r0004;484f_2026-01.pdf#r0006,NA
0202308000,0202308015,2026-02-01,split,TRUE,Annotated,Established,HTS,FALSE,484f_2026-01.pdf,6c15b74b65a692c53a3e8072051c8fc0991ff72e16850f059f571cc07c099968,2,484f_2026-01.pdf#r0007;484f_2026-01.pdf#r0008,NA
0202308000,0202308025,2026-02-01,split,TRUE,Annotated,Established,HTS,FALSE,484f_2026-01.pdf,6c15b74b65a692c53a3e8072051c8fc0991ff72e16850f059f571cc07c099968,2,484f_2026-01.pdf#r0007;484f_2026-01.pdf#r0009,NA
0709510100,0709510110,2026-02-01,split,TRUE,Annotated,Established,HTS,FALSE,484f_2026-01.pdf,6c15b74b65a692c53a3e8072051c8fc0991ff72e16850f059f571cc07c099968,3,484f_2026-01.pdf#r0010;484f_2026-01.pdf#r0011,NA
0709510100,0709510150,2026-02-01,split,TRUE,Annotated,Established,HTS,FALSE,484f_2026-01.pdf,6c15b74b65a692c53a3e8072051c8fc0991ff72e16850f059f571cc07c099968,3,484f_2026-01.pdf#r0010;484f_2026-01.pdf#r0012,NA
0709700000,0709700010,2026-02-01,split,TRUE,Annotated,Established,HTS,FALSE,484f_2026-01.pdf,6c15b74b65a692c53a3e8072051c8fc0991ff72e16850f059f571cc07c099968,3,484f_2026-01.pdf#r0013;484f_2026-01.pdf#r0014,NA
0709700000,0709700050,2026-02-01,split,TRUE,Annotated,Established,HTS,FALSE,484f_2026-01.pdf,6c15b74b65a692c53a3e8072051c8fc0991ff72e16850f059f571cc07c099968,3,484f_2026-01.pdf#r0013;484f_2026-01.pdf#r0015,NA
0710809724,0710809723,2026-02-01,split,TRUE,Discontinued,Established,HTS,FALSE,484f_2026-01.pdf,6c15b74b65a692c53a3e8072051c8fc0991ff72e16850f059f571cc07c099968,4,484f_2026-01.pdf#r0016;484f_2026-01.pdf#r0017,NA
0710809724,0710809725,2026-02-01,split,TRUE,Discontinued,Established,HTS,FALSE,484f_2026-01.pdf,6c15b74b65a692c53a3e8072051c8fc0991ff72e16850f059f571cc07c099968,4,484f_2026-01.pdf#r0017;484f_2026-01.pdf#r0018,ovr_2026-01_0710809724_to_0709809725
0804306000,0804306010,2026-02-01,split,TRUE,Annotated,Established,HTS,FALSE,484f_2026-01.pdf,6c15b74b65a692c53a3e8072051c8fc0991ff72e16850f059f571cc07c099968,5,484f_2026-01.pdf#r0019;484f_2026-01.pdf#r0020,NA
0804306000,0804306090,2026-02-01,split,TRUE,Annotated,Established,HTS,FALSE,484f_2026-01.pdf,6c15b74b65a692c53a3e8072051c8fc0991ff72e16850f059f571cc07c099968,5,484f_2026-01.pdf#r0019;484f_2026-01.pdf#r0021,NA
0804508010,0804508020,2026-02-01,split,TRUE,Discontinued,Established,HTS,FALSE,484f_2026-01.pdf,6c15b74b65a692c53a3e8072051c8fc0991ff72e16850f059f571cc07c099968,5,484f_2026-01.pdf#r0022;484f_2026-01.pdf#r0023,NA
0804508010,0804508040,2026-02-01,split,TRUE,Discontinued,Established,HTS,FALSE,484f_2026-01.pdf,6c15b74b65a692c53a3e8072051c8fc0991ff72e16850f059f571cc07c099968,5,484f_2026-01.pdf#r0022;484f_2026-01.pdf#r0024,NA
0811100070,0811100075,2026-02-01,split,TRUE,Discontinued,Established,HTS,FALSE,484f_2026-01.pdf,6c15b74b65a692c53a3e8072051c8fc0991ff72e16850f059f571cc07c099968,6,484f_2026-01.pdf#r0025;484f_2026-01.pdf#r0026,NA
0811100070,0811100085,2026-02-01,split,TRUE,Discontinued,Established,HTS,FALSE,484f_2026-01.pdf,6c15b74b65a692c53a3e8072051c8fc0991ff72e16850f059f571cc07c099968,6,484f_2026-01.pdf#r0025;484f_2026-01.pdf#r0027,NA
0811902024,0811902025,2026-02-01,split,TRUE,Discontinued,Established,HTS,FALSE,484f_2026-01.pdf,6c15b74b65a692c53a3e8072051c8fc0991ff72e16850f059f571cc07c099968,7,484f_2026-01.pdf#r0028;484f_2026-01.pdf#r0029,NA
0811902024,0811902027,2026-02-01,split,TRUE,Discontinued,Established,HTS,FALSE,484f_2026-01.pdf,6c15b74b65a692c53a3e8072051c8fc0991ff72e16850f059f571cc07c099968,7,484f_2026-01.pdf#r0028;484f_2026-01.pdf#r0030,NA
0811905000,0811905010,2026-02-01,split,TRUE,Annotated,Established,HTS,FALSE,484f_2026-01.pdf,6c15b74b65a692c53a3e8072051c8fc0991ff72e16850f059f571cc07c099968,7,484f_2026-01.pdf#r0031;484f_2026-01.pdf#r0032,NA
0811905000,0811905090,2026-02-01,split,TRUE,Annotated,Established,HTS,FALSE,484f_2026-01.pdf,6c15b74b65a692c53a3e8072051c8fc0991ff72e16850f059f571cc07c099968,7,484f_2026-01.pdf#r0031;484f_2026-01.pdf#r0033,NA
0811905200,0811905210,2026-02-01,split,TRUE,Annotated,Established,HTS,FALSE,484f_2026-01.pdf,6c15b74b65a692c53a3e8072051c8fc0991ff72e16850f059f571cc07c099968,8,484f_2026-01.pdf#r0034;484f_2026-01.pdf#r0035,NA
0811905200,0811905290,2026-02-01,split,TRUE,Annotated,Established,HTS,FALSE,484f_2026-01.pdf,6c15b74b65a692c53a3e8072051c8fc0991ff72e16850f059f571cc07c099968,8,484f_2026-01.pdf#r0034;484f_2026-01.pdf#r0036,NA
1104120000,1104120010,2026-02-01,split,TRUE,Annotated,Established,HTS,FALSE,484f_2026-01.pdf,6c15b74b65a692c53a3e8072051c8fc0991ff72e16850f059f571cc07c099968,8,484f_2026-01.pdf#r0037;484f_2026-01.pdf#r0038,NA
1104120000,1104120090,2026-02-01,split,TRUE,Annotated,Established,HTS,FALSE,484f_2026-01.pdf,6c15b74b65a692c53a3e8072051c8fc0991ff72e16850f059f571cc07c099968,8,484f_2026-01.pdf#r0037;484f_2026-01.pdf#r0039,NA
1513190000,1513190030,2026-02-01,split,TRUE,Annotated,Established,HTS,FALSE,484f_2026-01.pdf,6c15b74b65a692c53a3e8072051c8fc0991ff72e16850f059f571cc07c099968,9,484f_2026-01.pdf#r0043;484f_2026-01.pdf#r0044,NA
1513190000,1513190090,2026-02-01,split,TRUE,Annotated,Established,HTS,FALSE,484f_2026-01.pdf,6c15b74b65a692c53a3e8072051c8fc0991ff72e16850f059f571cc07c099968,9,484f_2026-01.pdf#r0043;484f_2026-01.pdf#r0045,NA
1801000000,1801000010,2026-02-01,split,TRUE,Annotated,Established,HTS,FALSE,484f_2026-01.pdf,6c15b74b65a692c53a3e8072051c8fc0991ff72e16850f059f571cc07c099968,10,484f_2026-01.pdf#r0046;484f_2026-01.pdf#r0047,NA
1801000000,1801000090,2026-02-01,split,TRUE,Annotated,Established,HTS,FALSE,484f_2026-01.pdf,6c15b74b65a692c53a3e8072051c8fc0991ff72e16850f059f571cc07c099968,10,484f_2026-01.pdf#r0046;484f_2026-01.pdf#r0048,NA
2008991000,2008991010,2026-02-01,split,TRUE,Annotated,Established,HTS,FALSE,484f_2026-01.pdf,6c15b74b65a692c53a3e8072051c8fc0991ff72e16850f059f571cc07c099968,10,484f_2026-01.pdf#r0049;484f_2026-01.pdf#r0050,NA
2008991000,2008991090,2026-02-01,split,TRUE,Annotated,Established,HTS,FALSE,484f_2026-01.pdf,6c15b74b65a692c53a3e8072051c8fc0991ff72e16850f059f571cc07c099968,10,484f_2026-01.pdf#r0049;484f_2026-01.pdf#r0051,ovr_2026-01_2008991000_to_2008191090
2008999190,2008999150,2026-02-01,split,TRUE,Discontinued,Established,HTS,FALSE,484f_2026-01.pdf,6c15b74b65a692c53a3e8072051c8fc0991ff72e16850f059f571cc07c099968,11,484f_2026-01.pdf#r0052;484f_2026-01.pdf#r0054,NA
2008999190,2008999155,2026-02-01,split,TRUE,Discontinued,Established,HTS,FALSE,484f_2026-01.pdf,6c15b74b65a692c53a3e8072051c8fc0991ff72e16850f059f571cc07c099968,11,484f_2026-01.pdf#r0053;484f_2026-01.pdf#r0054,NA
2008999190,2008999195,2026-02-01,split,TRUE,Discontinued,Established,HTS,FALSE,484f_2026-01.pdf,6c15b74b65a692c53a3e8072051c8fc0991ff72e16850f059f571cc07c099968,11,484f_2026-01.pdf#r0054;484f_2026-01.pdf#r0055,NA
2009790020,2009790040,2026-02-01,split,TRUE,Discontinued,Established,HTS,FALSE,484f_2026-01.pdf,6c15b74b65a692c53a3e8072051c8fc0991ff72e16850f059f571cc07c099968,12,484f_2026-01.pdf#r0056;484f_2026-01.pdf#r0057,NA
2009790020,2009790060,2026-02-01,split,TRUE,Discontinued,Established,HTS,FALSE,484f_2026-01.pdf,6c15b74b65a692c53a3e8072051c8fc0991ff72e16850f059f571cc07c099968,12,484f_2026-01.pdf#r0056;484f_2026-01.pdf#r0058,NA
2009897091,2009897095,2026-02-01,split,TRUE,Discontinued,Established,HTS,FALSE,484f_2026-01.pdf,6c15b74b65a692c53a3e8072051c8fc0991ff72e16850f059f571cc07c099968,12,484f_2026-01.pdf#r0059;484f_2026-01.pdf#r0060,NA
2009897091,2009897097,2026-02-01,split,TRUE,Discontinued,Established,HTS,FALSE,484f_2026-01.pdf,6c15b74b65a692c53a3e8072051c8fc0991ff72e16850f059f571cc07c099968,12,484f_2026-01.pdf#r0059;484f_2026-01.pdf#r0061,NA
2009897091,2009897099,2026-02-01,split,TRUE,Discontinued,Established,HTS,FALSE,484f_2026-01.pdf,6c15b74b65a692c53a3e8072051c8fc0991ff72e16850f059f571cc07c099968,12,484f_2026-01.pdf#r0059;484f_2026-01.pdf#r0062,NA
2202999120,2202999130,2026-02-01,split,TRUE,Discontinued,Established,HTS,FALSE,484f_2026-01.pdf,6c15b74b65a692c53a3e8072051c8fc0991ff72e16850f059f571cc07c099968,13,484f_2026-01.pdf#r0063;484f_2026-01.pdf#r0064,NA
2202999120,2202999135,2026-02-01,split,TRUE,Discontinued,Established,HTS,FALSE,484f_2026-01.pdf,6c15b74b65a692c53a3e8072051c8fc0991ff72e16850f059f571cc07c099968,13,484f_2026-01.pdf#r0063;484f_2026-01.pdf#r0065,NA
2202999120,2202999190,2026-02-01,split,TRUE,Discontinued,Established,HTS,FALSE,484f_2026-01.pdf,6c15b74b65a692c53a3e8072051c8fc0991ff72e16850f059f571cc07c099968,13,484f_2026-01.pdf#r0063;484f_2026-01.pdf#r0066,NA
2404120500,2404120510,2026-02-01,split,TRUE,Annotated,Established,HTS,FALSE,484f_2026-01.pdf,6c15b74b65a692c53a3e8072051c8fc0991ff72e16850f059f571cc07c099968,14,484f_2026-01.pdf#r0067;484f_2026-01.pdf#r0068,NA
2404120500,2404120590,2026-02-01,split,TRUE,Annotated,Established,HTS,FALSE,484f_2026-01.pdf,6c15b74b65a692c53a3e8072051c8fc0991ff72e16850f059f571cc07c099968,14,484f_2026-01.pdf#r0067;484f_2026-01.pdf#r0069,NA
2404121000,2404121010,2026-02-01,split,TRUE,Annotated,Established,HTS,FALSE,484f_2026-01.pdf,6c15b74b65a692c53a3e8072051c8fc0991ff72e16850f059f571cc07c099968,14,484f_2026-01.pdf#r0070;484f_2026-01.pdf#r0071,NA
2404121000,2404121090,2026-02-01,split,TRUE,Annotated,Established,HTS,FALSE,484f_2026-01.pdf,6c15b74b65a692c53a3e8072051c8fc0991ff72e16850f059f571cc07c099968,14,484f_2026-01.pdf#r0070;484f_2026-01.pdf#r0072,NA
2404190500,2404190510,2026-02-01,split,TRUE,Annotated,Established,HTS,FALSE,484f_2026-01.pdf,6c15b74b65a692c53a3e8072051c8fc0991ff72e16850f059f571cc07c099968,15,484f_2026-01.pdf#r0073;484f_2026-01.pdf#r0074,NA
2404190500,2404190590,2026-02-01,split,TRUE,Annotated,Established,HTS,FALSE,484f_2026-01.pdf,6c15b74b65a692c53a3e8072051c8fc0991ff72e16850f059f571cc07c099968,15,484f_2026-01.pdf#r0073;484f_2026-01.pdf#r0075,NA
2404191000,2404191010,2026-02-01,split,TRUE,Annotated,Established,HTS,FALSE,484f_2026-01.pdf,6c15b74b65a692c53a3e8072051c8fc0991ff72e16850f059f571cc07c099968,15,484f_2026-01.pdf#r0076;484f_2026-01.pdf#r0077,NA
2404191000,2404191090,2026-02-01,split,TRUE,Annotated,Established,HTS,FALSE,484f_2026-01.pdf,6c15b74b65a692c53a3e8072051c8fc0991ff72e16850f059f571cc07c099968,15,484f_2026-01.pdf#r0076;484f_2026-01.pdf#r0078,NA
2918165050,2918165020,2026-02-01,split,TRUE,Discontinued,Established,HTS,FALSE,484f_2026-01.pdf,6c15b74b65a692c53a3e8072051c8fc0991ff72e16850f059f571cc07c099968,15,484f_2026-01.pdf#r0079;484f_2026-01.pdf#r0080;484f_2026-01.pdf#r0139;484f_2026-01.pdf#r0140,NA
2918165050,2918165090,2026-02-01,split,TRUE,Discontinued,Established,HTS,FALSE,484f_2026-01.pdf,6c15b74b65a692c53a3e8072051c8fc0991ff72e16850f059f571cc07c099968,15,484f_2026-01.pdf#r0080;484f_2026-01.pdf#r0081;484f_2026-01.pdf#r0140;484f_2026-01.pdf#r0141,NA
2933910000,2933910010,2026-02-01,split,TRUE,Annotated,Established,HTS,FALSE,484f_2026-01.pdf,6c15b74b65a692c53a3e8072051c8fc0991ff72e16850f059f571cc07c099968,16,484f_2026-01.pdf#r0082;484f_2026-01.pdf#r0083;484f_2026-01.pdf#r0142;484f_2026-01.pdf#r0143,NA
2933910000,2933910050,2026-02-01,split,TRUE,Annotated,Established,HTS,FALSE,484f_2026-01.pdf,6c15b74b65a692c53a3e8072051c8fc0991ff72e16850f059f571cc07c099968,16,484f_2026-01.pdf#r0082;484f_2026-01.pdf#r0084;484f_2026-01.pdf#r0142;484f_2026-01.pdf#r0144,NA
3001900190,3001900165,2026-02-01,split,TRUE,Discontinued,Established,HTS,FALSE,484f_2026-01.pdf,6c15b74b65a692c53a3e8072051c8fc0991ff72e16850f059f571cc07c099968,17,484f_2026-01.pdf#r0085;484f_2026-01.pdf#r0086,NA
3001900190,3001900195,2026-02-01,split,TRUE,Discontinued,Established,HTS,FALSE,484f_2026-01.pdf,6c15b74b65a692c53a3e8072051c8fc0991ff72e16850f059f571cc07c099968,17,484f_2026-01.pdf#r0086;484f_2026-01.pdf#r0087,NA
3004105045,3004105048,2026-02-01,split,TRUE,Discontinued,Established,HTS,FALSE,484f_2026-01.pdf,6c15b74b65a692c53a3e8072051c8fc0991ff72e16850f059f571cc07c099968,18,484f_2026-01.pdf#r0088;484f_2026-01.pdf#r0089;484f_2026-01.pdf#r0145;484f_2026-01.pdf#r0146,NA
3004105045,3004105049,2026-02-01,split,TRUE,Discontinued,Established,HTS,FALSE,484f_2026-01.pdf,6c15b74b65a692c53a3e8072051c8fc0991ff72e16850f059f571cc07c099968,18,484f_2026-01.pdf#r0088;484f_2026-01.pdf#r0090;484f_2026-01.pdf#r0145;484f_2026-01.pdf#r0147,NA
3004200075,3004200070,2026-02-01,split,TRUE,Discontinued,Established,HTS,FALSE,484f_2026-01.pdf,6c15b74b65a692c53a3e8072051c8fc0991ff72e16850f059f571cc07c099968,19,484f_2026-01.pdf#r0091;484f_2026-01.pdf#r0094,NA
3004200075,3004200071,2026-02-01,split,TRUE,Discontinued,Established,HTS,FALSE,484f_2026-01.pdf,6c15b74b65a692c53a3e8072051c8fc0991ff72e16850f059f571cc07c099968,19,484f_2026-01.pdf#r0092;484f_2026-01.pdf#r0094;484f_2026-01.pdf#r0148;484f_2026-01.pdf#r0150,NA
3004200075,3004200072,2026-02-01,split,TRUE,Discontinued,Established,HTS,FALSE,484f_2026-01.pdf,6c15b74b65a692c53a3e8072051c8fc0991ff72e16850f059f571cc07c099968,19,484f_2026-01.pdf#r0093;484f_2026-01.pdf#r0094;484f_2026-01.pdf#r0149;484f_2026-01.pdf#r0150,NA
3004200075,3004200076,2026-02-01,split,TRUE,Discontinued,Established,HTS,FALSE,484f_2026-01.pdf,6c15b74b65a692c53a3e8072051c8fc0991ff72e16850f059f571cc07c099968,19,484f_2026-01.pdf#r0094;484f_2026-01.pdf#r0095;484f_2026-01.pdf#r0150;484f_2026-01.pdf#r0151,NA
3004200075,3004200080,2026-02-01,split,TRUE,Discontinued,Established,HTS,FALSE,484f_2026-01.pdf,6c15b74b65a692c53a3e8072051c8fc0991ff72e16850f059f571cc07c099968,19,484f_2026-01.pdf#r0094;484f_2026-01.pdf#r0096;484f_2026-01.pdf#r0150;484f_2026-01.pdf#r0152,NA
3004200075,3004200083,2026-02-01,split,TRUE,Discontinued,Established,HTS,FALSE,484f_2026-01.pdf,6c15b74b65a692c53a3e8072051c8fc0991ff72e16850f059f571cc07c099968,19,484f_2026-01.pdf#r0094;484f_2026-01.pdf#r0097;484f_2026-01.pdf#r0150;484f_2026-01.pdf#r0153,NA
3004320000,3004320010,2026-02-01,split,TRUE,Annotated,Established,HTS,FALSE,484f_2026-01.pdf,6c15b74b65a692c53a3e8072051c8fc0991ff72e16850f059f571cc07c099968,20,484f_2026-01.pdf#r0098;484f_2026-01.pdf#r0099;484f_2026-01.pdf#r0154;484f_2026-01.pdf#r0155,NA
3004320000,3004320040,2026-02-01,split,TRUE,Annotated,Established,HTS,FALSE,484f_2026-01.pdf,6c15b74b65a692c53a3e8072051c8fc0991ff72e16850f059f571cc07c099968,20,484f_2026-01.pdf#r0098;484f_2026-01.pdf#r0100;484f_2026-01.pdf#r0154;484f_2026-01.pdf#r0156,NA
3004320000,3004320060,2026-02-01,split,TRUE,Annotated,Established,HTS,FALSE,484f_2026-01.pdf,6c15b74b65a692c53a3e8072051c8fc0991ff72e16850f059f571cc07c099968,20,484f_2026-01.pdf#r0098;484f_2026-01.pdf#r0101;484f_2026-01.pdf#r0154;484f_2026-01.pdf#r0157,NA
3004390050,3004390020,2026-02-01,split,TRUE,Discontinued,Established,HTS,FALSE,484f_2026-01.pdf,6c15b74b65a692c53a3e8072051c8fc0991ff72e16850f059f571cc07c099968,21,484f_2026-01.pdf#r0102;484f_2026-01.pdf#r0106,NA
3004390050,3004390030,2026-02-01,split,TRUE,Discontinued,Established,HTS,FALSE,484f_2026-01.pdf,6c15b74b65a692c53a3e8072051c8fc0991ff72e16850f059f571cc07c099968,21,484f_2026-01.pdf#r0103;484f_2026-01.pdf#r0106;484f_2026-01.pdf#r0158;484f_2026-01.pdf#r0160,NA
3004390050,3004390040,2026-02-01,split,TRUE,Discontinued,Established,HTS,FALSE,484f_2026-01.pdf,6c15b74b65a692c53a3e8072051c8fc0991ff72e16850f059f571cc07c099968,21,484f_2026-01.pdf#r0104;484f_2026-01.pdf#r0106,NA
3004390050,3004390045,2026-02-01,split,TRUE,Discontinued,Established,HTS,FALSE,484f_2026-01.pdf,6c15b74b65a692c53a3e8072051c8fc0991ff72e16850f059f571cc07c099968,21,484f_2026-01.pdf#r0105;484f_2026-01.pdf#r0106;484f_2026-01.pdf#r0159;484f_2026-01.pdf#r0160,NA
3004390050,3004390055,2026-02-01,split,TRUE,Discontinued,Established,HTS,FALSE,484f_2026-01.pdf,6c15b74b65a692c53a3e8072051c8fc0991ff72e16850f059f571cc07c099968,21,484f_2026-01.pdf#r0106;484f_2026-01.pdf#r0107;484f_2026-01.pdf#r0160;484f_2026-01.pdf#r0161,NA
3004909202,3004909203,2026-02-01,split,TRUE,Discontinued,Established,HTS,FALSE,484f_2026-01.pdf,6c15b74b65a692c53a3e8072051c8fc0991ff72e16850f059f571cc07c099968,21,484f_2026-01.pdf#r0108;484f_2026-01.pdf#r0109;484f_2026-01.pdf#r0110,NA
3004909202,3004909204,2026-02-01,split,TRUE,Discontinued,Established,HTS,TRUE,484f_2026-01.pdf,6c15b74b65a692c53a3e8072051c8fc0991ff72e16850f059f571cc07c099968,21,484f_2026-01.pdf#r0108;484f_2026-01.pdf#r0110;484f_2026-01.pdf#r0111,NA
3004909202,3004909205,2026-02-01,split,TRUE,Discontinued,Established,HTS,FALSE,484f_2026-01.pdf,6c15b74b65a692c53a3e8072051c8fc0991ff72e16850f059f571cc07c099968,33,484f_2026-01.pdf#r0162;484f_2026-01.pdf#r0163,NA
3004909202,3004909206,2026-02-01,split,TRUE,Discontinued,Established,HTS,TRUE,484f_2026-01.pdf,6c15b74b65a692c53a3e8072051c8fc0991ff72e16850f059f571cc07c099968,21,484f_2026-01.pdf#r0108;484f_2026-01.pdf#r0110;484f_2026-01.pdf#r0112;484f_2026-01.pdf#r0162;484f_2026-01.pdf#r0164,NA
3004909204,3004909207,2026-02-01,rename,FALSE,NA,NA,HTS,FALSE,484f_2026-01.pdf,6c15b74b65a692c53a3e8072051c8fc0991ff72e16850f059f571cc07c099968,41,484f_2026-01.pdf#s0280,NA
3004909206,3004909208,2026-02-01,rename,FALSE,NA,NA,HTS,TRUE,484f_2026-01.pdf,6c15b74b65a692c53a3e8072051c8fc0991ff72e16850f059f571cc07c099968,41,484f_2026-01.pdf#s0281,NA
3004909208,3004909209,2026-02-01,rename,FALSE,NA,NA,HTS,FALSE,484f_2026-01.pdf,6c15b74b65a692c53a3e8072051c8fc0991ff72e16850f059f571cc07c099968,41,484f_2026-01.pdf#s0282,NA
3004909212,3004909210,2026-02-01,rename,FALSE,NA,NA,HTS,FALSE,484f_2026-01.pdf,6c15b74b65a692c53a3e8072051c8fc0991ff72e16850f059f571cc07c099968,41,484f_2026-01.pdf#s0283,NA
3004909213,3004909211,2026-02-01,rename,FALSE,NA,NA,HTS,FALSE,484f_2026-01.pdf,6c15b74b65a692c53a3e8072051c8fc0991ff72e16850f059f571cc07c099968,41,484f_2026-01.pdf#s0284,NA
3004909214,3004909212,2026-02-01,split,TRUE,Discontinued,Established,HTS,TRUE,484f_2026-01.pdf,6c15b74b65a692c53a3e8072051c8fc0991ff72e16850f059f571cc07c099968,22,484f_2026-01.pdf#r0113;484f_2026-01.pdf#r0114;484f_2026-01.pdf#r0165;484f_2026-01.pdf#r0167,NA
3004909214,3004909213,2026-02-01,split,FALSE,Discontinued,Established,HTS,TRUE,484f_2026-01.pdf,6c15b74b65a692c53a3e8072051c8fc0991ff72e16850f059f571cc07c099968,34,484f_2026-01.pdf#r0166;484f_2026-01.pdf#r0167,NA
3004909214,3004909215,2026-02-01,split,TRUE,Discontinued,Established,HTS,TRUE,484f_2026-01.pdf,6c15b74b65a692c53a3e8072051c8fc0991ff72e16850f059f571cc07c099968,22,484f_2026-01.pdf#r0114;484f_2026-01.pdf#r0115;484f_2026-01.pdf#r0167;484f_2026-01.pdf#r0168,NA
3004909215,3004909216,2026-02-01,rename,FALSE,NA,NA,HTS,TRUE,484f_2026-01.pdf,6c15b74b65a692c53a3e8072051c8fc0991ff72e16850f059f571cc07c099968,41,484f_2026-01.pdf#s0285,NA
3004909216,3004909217,2026-02-01,rename,FALSE,NA,NA,HTS,TRUE,484f_2026-01.pdf,6c15b74b65a692c53a3e8072051c8fc0991ff72e16850f059f571cc07c099968,41,484f_2026-01.pdf#s0286,NA
3004909217,3004909218,2026-02-01,rename,FALSE,NA,NA,HTS,TRUE,484f_2026-01.pdf,6c15b74b65a692c53a3e8072051c8fc0991ff72e16850f059f571cc07c099968,41,484f_2026-01.pdf#s0287,NA
3004909218,3004909219,2026-02-01,rename,FALSE,NA,NA,HTS,TRUE,484f_2026-01.pdf,6c15b74b65a692c53a3e8072051c8fc0991ff72e16850f059f571cc07c099968,41,484f_2026-01.pdf#s0288,NA
3004909219,3004909220,2026-02-01,rename,FALSE,NA,NA,HTS,FALSE,484f_2026-01.pdf,6c15b74b65a692c53a3e8072051c8fc0991ff72e16850f059f571cc07c099968,41,484f_2026-01.pdf#s0289,NA
3004909221,3004909222,2026-02-01,split,TRUE,Discontinued,Established,HTS,TRUE,484f_2026-01.pdf,6c15b74b65a692c53a3e8072051c8fc0991ff72e16850f059f571cc07c099968,23,484f_2026-01.pdf#r0116;484f_2026-01.pdf#r0117,NA
3004909221,3004909223,2026-02-01,split,TRUE,Discontinued,Established,HTS,TRUE,484f_2026-01.pdf,6c15b74b65a692c53a3e8072051c8fc0991ff72e16850f059f571cc07c099968,23,484f_2026-01.pdf#r0116;484f_2026-01.pdf#r0118,NA
3004909221,3004909224,2026-02-01,split,TRUE,Discontinued,Established,HTS,FALSE,484f_2026-01.pdf,6c15b74b65a692c53a3e8072051c8fc0991ff72e16850f059f571cc07c099968,35,484f_2026-01.pdf#r0169;484f_2026-01.pdf#r0170,NA
3004909221,3004909225,2026-02-01,split,TRUE,Discontinued,Established,HTS,TRUE,484f_2026-01.pdf,6c15b74b65a692c53a3e8072051c8fc0991ff72e16850f059f571cc07c099968,23,484f_2026-01.pdf#r0116;484f_2026-01.pdf#r0119;484f_2026-01.pdf#r0169;484f_2026-01.pdf#r0171,NA
3004909222,3004909226,2026-02-01,rename,FALSE,NA,NA,HTS,FALSE,484f_2026-01.pdf,6c15b74b65a692c53a3e8072051c8fc0991ff72e16850f059f571cc07c099968,41,484f_2026-01.pdf#s0290,NA
3004909223,3004909227,2026-02-01,rename,FALSE,NA,NA,HTS,TRUE,484f_2026-01.pdf,6c15b74b65a692c53a3e8072051c8fc0991ff72e16850f059f571cc07c099968,41,484f_2026-01.pdf#s0291,NA
3004909225,3004909228,2026-02-01,rename,FALSE,NA,NA,HTS,FALSE,484f_2026-01.pdf,6c15b74b65a692c53a3e8072051c8fc0991ff72e16850f059f571cc07c099968,41,484f_2026-01.pdf#s0292,NA
3004909227,3004909229,2026-02-01,rename,FALSE,NA,NA,HTS,TRUE,484f_2026-01.pdf,6c15b74b65a692c53a3e8072051c8fc0991ff72e16850f059f571cc07c099968,42,484f_2026-01.pdf#s0293,NA
3004909229,3004909230,2026-02-01,rename,FALSE,NA,NA,HTS,FALSE,484f_2026-01.pdf,6c15b74b65a692c53a3e8072051c8fc0991ff72e16850f059f571cc07c099968,42,484f_2026-01.pdf#s0294,NA
3004909231,3004909232,2026-02-01,rename,FALSE,NA,NA,HTS,TRUE,484f_2026-01.pdf,6c15b74b65a692c53a3e8072051c8fc0991ff72e16850f059f571cc07c099968,42,484f_2026-01.pdf#s0295,NA
3004909232,3004909233,2026-02-01,rename,FALSE,NA,NA,HTS,TRUE,484f_2026-01.pdf,6c15b74b65a692c53a3e8072051c8fc0991ff72e16850f059f571cc07c099968,42,484f_2026-01.pdf#s0296,NA
3004909233,3004909234,2026-02-01,rename,FALSE,NA,NA,HTS,TRUE,484f_2026-01.pdf,6c15b74b65a692c53a3e8072051c8fc0991ff72e16850f059f571cc07c099968,42,484f_2026-01.pdf#s0297,NA
3004909234,3004909235,2026-02-01,split,TRUE,Discontinued,Established,HTS,FALSE,484f_2026-01.pdf,6c15b74b65a692c53a3e8072051c8fc0991ff72e16850f059f571cc07c099968,24,484f_2026-01.pdf#r0120;484f_2026-01.pdf#r0121,NA
3004909234,3004909236,2026-02-01,split,TRUE,Discontinued,Established,HTS,TRUE,484f_2026-01.pdf,6c15b74b65a692c53a3e8072051c8fc0991ff72e16850f059f571cc07c099968,24,484f_2026-01.pdf#r0120;484f_2026-01.pdf#r0122,NA
3004909236,3004909237,2026-02-01,split,TRUE,Discontinued,Established,HTS,TRUE,484f_2026-01.pdf,6c15b74b65a692c53a3e8072051c8fc0991ff72e16850f059f571cc07c099968,25,484f_2026-01.pdf#r0123;484f_2026-01.pdf#r0124,NA
3004909236,3004909241,2026-02-01,split,TRUE,Discontinued,Established,HTS,FALSE,484f_2026-01.pdf,6c15b74b65a692c53a3e8072051c8fc0991ff72e16850f059f571cc07c099968,35,484f_2026-01.pdf#r0172;484f_2026-01.pdf#r0173,NA
3004909236,3004909243,2026-02-01,split,TRUE,Discontinued,Established,HTS,FALSE,484f_2026-01.pdf,6c15b74b65a692c53a3e8072051c8fc0991ff72e16850f059f571cc07c099968,25,484f_2026-01.pdf#r0123;484f_2026-01.pdf#r0125;484f_2026-01.pdf#r0172;484f_2026-01.pdf#r0174,NA
3004909237,3004909244,2026-02-01,rename,FALSE,NA,NA,HTS,TRUE,484f_2026-01.pdf,6c15b74b65a692c53a3e8072051c8fc0991ff72e16850f059f571cc07c099968,42,484f_2026-01.pdf#s0298,NA
3004909238,3004909245,2026-02-01,rename,FALSE,NA,NA,HTS,FALSE,484f_2026-01.pdf,6c15b74b65a692c53a3e8072051c8fc0991ff72e16850f059f571cc07c099968,42,484f_2026-01.pdf#s0299,NA
3004909239,3004909246,2026-02-01,rename,FALSE,NA,NA,HTS,FALSE,484f_2026-01.pdf,6c15b74b65a692c53a3e8072051c8fc0991ff72e16850f059f571cc07c099968,42,484f_2026-01.pdf#s0300,NA
3004909240,3004909247,2026-02-01,split,TRUE,Discontinued,Established,HTS,FALSE,484f_2026-01.pdf,6c15b74b65a692c53a3e8072051c8fc0991ff72e16850f059f571cc07c099968,36,484f_2026-01.pdf#r0175;484f_2026-01.pdf#r0176,NA
3004909240,3004909248,2026-02-01,split,TRUE,Discontinued,Established,HTS,FALSE,484f_2026-01.pdf,6c15b74b65a692c53a3e8072051c8fc0991ff72e16850f059f571cc07c099968,25,484f_2026-01.pdf#r0126;484f_2026-01.pdf#r0127;484f_2026-01.pdf#r0175;484f_2026-01.pdf#r0177,NA
3004909240,3004909249,2026-02-01,split,TRUE,Discontinued,Established,HTS,FALSE,484f_2026-01.pdf,6c15b74b65a692c53a3e8072051c8fc0991ff72e16850f059f571cc07c099968,25,484f_2026-01.pdf#r0126;484f_2026-01.pdf#r0128;484f_2026-01.pdf#r0175;484f_2026-01.pdf#r0178,NA
3004909242,3004909250,2026-02-01,rename,FALSE,NA,NA,HTS,TRUE,484f_2026-01.pdf,6c15b74b65a692c53a3e8072051c8fc0991ff72e16850f059f571cc07c099968,42,484f_2026-01.pdf#s0301,NA
3004909244,3004909251,2026-02-01,rename,FALSE,NA,NA,HTS,FALSE,484f_2026-01.pdf,6c15b74b65a692c53a3e8072051c8fc0991ff72e16850f059f571cc07c099968,42,484f_2026-01.pdf#s0302,NA
3004909250,3004909252,2026-02-01,rename,FALSE,NA,NA,HTS,FALSE,484f_2026-01.pdf,6c15b74b65a692c53a3e8072051c8fc0991ff72e16850f059f571cc07c099968,42,484f_2026-01.pdf#s0303,NA
3004909255,3004909253,2026-02-01,rename,FALSE,NA,NA,HTS,FALSE,484f_2026-01.pdf,6c15b74b65a692c53a3e8072051c8fc0991ff72e16850f059f571cc07c099968,42,484f_2026-01.pdf#s0304,NA
3004909256,3004909254,2026-02-01,rename,FALSE,NA,NA,HTS,FALSE,484f_2026-01.pdf,6c15b74b65a692c53a3e8072051c8fc0991ff72e16850f059f571cc07c099968,42,484f_2026-01.pdf#s0305,NA
3004909257,3004909255,2026-02-01,rename,FALSE,NA,NA,HTS,TRUE,484f_2026-01.pdf,6c15b74b65a692c53a3e8072051c8fc0991ff72e16850f059f571cc07c099968,42,484f_2026-01.pdf#s0306,NA
3004909259,3004909256,2026-02-01,split,TRUE,Discontinued,Established,HTS,TRUE,484f_2026-01.pdf,6c15b74b65a692c53a3e8072051c8fc0991ff72e16850f059f571cc07c099968,26,484f_2026-01.pdf#r0129;484f_2026-01.pdf#r0130;484f_2026-01.pdf#r0179;484f_2026-01.pdf#r0182,NA
3004909259,3004909257,2026-02-01,split,TRUE,Discontinued,Established,HTS,TRUE,484f_2026-01.pdf,6c15b74b65a692c53a3e8072051c8fc0991ff72e16850f059f571cc07c099968,37,484f_2026-01.pdf#r0180;484f_2026-01.pdf#r0182,NA
3004909259,3004909258,2026-02-01,split,TRUE,Discontinued,Established,HTS,FALSE,484f_2026-01.pdf,6c15b74b65a692c53a3e8072051c8fc0991ff72e16850f059f571cc07c099968,37,484f_2026-01.pdf#r0181;484f_2026-01.pdf#r0182,NA
3004909259,3004909260,2026-02-01,split,TRUE,Discontinued,Established,HTS,FALSE,484f_2026-01.pdf,6c15b74b65a692c53a3e8072051c8fc0991ff72e16850f059f571cc07c099968,26,484f_2026-01.pdf#r0130;484f_2026-01.pdf#r0131;484f_2026-01.pdf#r0182;484f_2026-01.pdf#r0183,NA
3004909263,3004909261,2026-02-01,rename,FALSE,NA,NA,HTS,FALSE,484f_2026-01.pdf,6c15b74b65a692c53a3e8072051c8fc0991ff72e16850f059f571cc07c099968,43,484f_2026-01.pdf#s0307,NA
3004909266,3004909262,2026-02-01,rename,FALSE,NA,NA,HTS,FALSE,484f_2026-01.pdf,6c15b74b65a692c53a3e8072051c8fc0991ff72e16850f059f571cc07c099968,43,484f_2026-01.pdf#s0308,NA
3004909268,3004909263,2026-02-01,rename,FALSE,NA,NA,HTS,TRUE,484f_2026-01.pdf,6c15b74b65a692c53a3e8072051c8fc0991ff72e16850f059f571cc07c099968,43,484f_2026-01.pdf#s0309,NA
3004909270,3004909264,2026-02-01,split,TRUE,Discontinued,Established,HTS,FALSE,484f_2026-01.pdf,6c15b74b65a692c53a3e8072051c8fc0991ff72e16850f059f571cc07c099968,27,484f_2026-01.pdf#r0132;484f_2026-01.pdf#r0135;484f_2026-01.pdf#r0184;484f_2026-01.pdf#r0188,NA
3004909270,3004909265,2026-02-01,split,TRUE,Discontinued,Established,HTS,FALSE,484f_2026-01.pdf,6c15b74b65a692c53a3e8072051c8fc0991ff72e16850f059f571cc07c099968,27,484f_2026-01.pdf#r0133;484f_2026-01.pdf#r0135;484f_2026-01.pdf#r0185;484f_2026-01.pdf#r0188,NA
3004909270,3004909266,2026-02-01,split,TRUE,Discontinued,Established,HTS,TRUE,484f_2026-01.pdf,6c15b74b65a692c53a3e8072051c8fc0991ff72e16850f059f571cc07c099968,38,484f_2026-01.pdf#r0186;484f_2026-01.pdf#r0188,NA
3004909270,3004909267,2026-02-01,split,TRUE,Discontinued,Established,HTS,FALSE,484f_2026-01.pdf,6c15b74b65a692c53a3e8072051c8fc0991ff72e16850f059f571cc07c099968,27,484f_2026-01.pdf#r0134;484f_2026-01.pdf#r0135;484f_2026-01.pdf#r0188,NA
3004909276,3004909268,2026-02-01,rename,FALSE,NA,NA,HTS,TRUE,484f_2026-01.pdf,6c15b74b65a692c53a3e8072051c8fc0991ff72e16850f059f571cc07c099968,43,484f_2026-01.pdf#s0310,NA
3004909280,3004909269,2026-02-01,split,TRUE,Discontinued,Established,HTS,FALSE,484f_2026-01.pdf,6c15b74b65a692c53a3e8072051c8fc0991ff72e16850f059f571cc07c099968,39,484f_2026-01.pdf#r0189;484f_2026-01.pdf#r0191,NA
3004909280,3004909270,2026-02-01,split,TRUE,Discontinued,Established,HTS,TRUE,484f_2026-01.pdf,6c15b74b65a692c53a3e8072051c8fc0991ff72e16850f059f571cc07c099968,39,484f_2026-01.pdf#r0190;484f_2026-01.pdf#r0191,NA
3004909284,3004909271,2026-02-01,rename,FALSE,NA,NA,HTS,FALSE,484f_2026-01.pdf,6c15b74b65a692c53a3e8072051c8fc0991ff72e16850f059f571cc07c099968,43,484f_2026-01.pdf#s0311,NA
3004909289,3004909272,2026-02-01,split,TRUE,Discontinued,Established,HTS,FALSE,484f_2026-01.pdf,6c15b74b65a692c53a3e8072051c8fc0991ff72e16850f059f571cc07c099968,40,484f_2026-01.pdf#r0192;484f_2026-01.pdf#r0194,NA
3004909289,3004909273,2026-02-01,split,TRUE,Discontinued,Established,HTS,FALSE,484f_2026-01.pdf,6c15b74b65a692c53a3e8072051c8fc0991ff72e16850f059f571cc07c099968,40,484f_2026-01.pdf#r0193;484f_2026-01.pdf#r0194,NA
3004909291,3004909274,2026-02-01,split,TRUE,Discontinued,Established,HTS,FALSE,484f_2026-01.pdf,6c15b74b65a692c53a3e8072051c8fc0991ff72e16850f059f571cc07c099968,28,484f_2026-01.pdf#r0136;484f_2026-01.pdf#r0138,NA
3004909291,3004909275,2026-02-01,split,TRUE,Discontinued,Established,HTS,FALSE,484f_2026-01.pdf,6c15b74b65a692c53a3e8072051c8fc0991ff72e16850f059f571cc07c099968,40,484f_2026-01.pdf#r0195;484f_2026-01.pdf#r0197,NA
3004909291,3004909276,2026-02-01,split,TRUE,Discontinued,Established,HTS,TRUE,484f_2026-01.pdf,6c15b74b65a692c53a3e8072051c8fc0991ff72e16850f059f571cc07c099968,28,484f_2026-01.pdf#r0137;484f_2026-01.pdf#r0138;484f_2026-01.pdf#r0196;484f_2026-01.pdf#r0197,NA
3504005000,3504005010,2026-02-01,split,TRUE,Annotated,Established,HTS,FALSE,484f_2026-01.pdf,6c15b74b65a692c53a3e8072051c8fc0991ff72e16850f059f571cc07c099968,44,484f_2026-01.pdf#r0198;484f_2026-01.pdf#r0199,NA
3504005000,3504005050,2026-02-01,split,TRUE,Annotated,Established,HTS,FALSE,484f_2026-01.pdf,6c15b74b65a692c53a3e8072051c8fc0991ff72e16850f059f571cc07c099968,44,484f_2026-01.pdf#r0198;484f_2026-01.pdf#r0200,NA
3504005000,3504005080,2026-02-01,split,TRUE,Annotated,Established,HTS,FALSE,484f_2026-01.pdf,6c15b74b65a692c53a3e8072051c8fc0991ff72e16850f059f571cc07c099968,44,484f_2026-01.pdf#r0198;484f_2026-01.pdf#r0201,NA
3801900000,3801900010,2026-02-01,split,TRUE,Annotated,Established,HTS,FALSE,484f_2026-01.pdf,6c15b74b65a692c53a3e8072051c8fc0991ff72e16850f059f571cc07c099968,45,484f_2026-01.pdf#r0202;484f_2026-01.pdf#r0203,NA
3801900000,3801900050,2026-02-01,split,TRUE,Annotated,Established,HTS,FALSE,484f_2026-01.pdf,6c15b74b65a692c53a3e8072051c8fc0991ff72e16850f059f571cc07c099968,45,484f_2026-01.pdf#r0202;484f_2026-01.pdf#r0204,NA
3815120000,3815120010,2026-02-01,split,TRUE,Annotated,Established,HTS,FALSE,484f_2026-01.pdf,6c15b74b65a692c53a3e8072051c8fc0991ff72e16850f059f571cc07c099968,46,484f_2026-01.pdf#r0205;484f_2026-01.pdf#r0206,NA
3815120000,3815120090,2026-02-01,split,TRUE,Annotated,Established,HTS,FALSE,484f_2026-01.pdf,6c15b74b65a692c53a3e8072051c8fc0991ff72e16850f059f571cc07c099968,46,484f_2026-01.pdf#r0205;484f_2026-01.pdf#r0207,NA
7306301000,7306301010,2026-02-01,split,TRUE,Annotated,Established,HTS,FALSE,484f_2026-01.pdf,6c15b74b65a692c53a3e8072051c8fc0991ff72e16850f059f571cc07c099968,48,484f_2026-01.pdf#r0214;484f_2026-01.pdf#r0215,NA
7306301000,7306301090,2026-02-01,split,TRUE,Annotated,Established,HTS,FALSE,484f_2026-01.pdf,6c15b74b65a692c53a3e8072051c8fc0991ff72e16850f059f571cc07c099968,48,484f_2026-01.pdf#r0214;484f_2026-01.pdf#r0216,NA
7602000095,7602000055,2026-02-01,rename,FALSE,Renumbered,Established,HTS,FALSE,484f_2026-01.pdf,6c15b74b65a692c53a3e8072051c8fc0991ff72e16850f059f571cc07c099968,48,484f_2026-01.pdf#r0218;484f_2026-01.pdf#r0221,NA
7602000097,7602000045,2026-02-01,split,TRUE,Discontinued,Established,HTS,FALSE,484f_2026-01.pdf,6c15b74b65a692c53a3e8072051c8fc0991ff72e16850f059f571cc07c099968,48,484f_2026-01.pdf#r0217;484f_2026-01.pdf#r0222,NA
7602000097,7602000065,2026-02-01,split,TRUE,Discontinued,Established,HTS,FALSE,484f_2026-01.pdf,6c15b74b65a692c53a3e8072051c8fc0991ff72e16850f059f571cc07c099968,48,484f_2026-01.pdf#r0219;484f_2026-01.pdf#r0222,NA
7602000098,7602000075,2026-02-01,rename,FALSE,Renumbered,Established,HTS,FALSE,484f_2026-01.pdf,6c15b74b65a692c53a3e8072051c8fc0991ff72e16850f059f571cc07c099968,48,484f_2026-01.pdf#r0220;484f_2026-01.pdf#r0223,NA
8301600000,8301600010,2026-02-01,split,TRUE,Annotated,Established,HTS,FALSE,484f_2026-01.pdf,6c15b74b65a692c53a3e8072051c8fc0991ff72e16850f059f571cc07c099968,50,484f_2026-01.pdf#r0231;484f_2026-01.pdf#r0232,NA
8301600000,8301600060,2026-02-01,split,TRUE,Annotated,Established,HTS,FALSE,484f_2026-01.pdf,6c15b74b65a692c53a3e8072051c8fc0991ff72e16850f059f571cc07c099968,50,484f_2026-01.pdf#r0231;484f_2026-01.pdf#r0233,NA
8301700000,8301700010,2026-02-01,split,TRUE,Annotated,Established,HTS,FALSE,484f_2026-01.pdf,6c15b74b65a692c53a3e8072051c8fc0991ff72e16850f059f571cc07c099968,50,484f_2026-01.pdf#r0234;484f_2026-01.pdf#r0235,NA
8301700000,8301700060,2026-02-01,split,TRUE,Annotated,Established,HTS,FALSE,484f_2026-01.pdf,6c15b74b65a692c53a3e8072051c8fc0991ff72e16850f059f571cc07c099968,50,484f_2026-01.pdf#r0234;484f_2026-01.pdf#r0236,NA
8415908025,8415908010,2026-02-01,split,TRUE,Discontinued,Established,HTS,FALSE,484f_2026-01.pdf,6c15b74b65a692c53a3e8072051c8fc0991ff72e16850f059f571cc07c099968,53,484f_2026-01.pdf#r0237;484f_2026-01.pdf#r0239,NA
8415908025,8415908020,2026-02-01,split,TRUE,Discontinued,Established,HTS,FALSE,484f_2026-01.pdf,6c15b74b65a692c53a3e8072051c8fc0991ff72e16850f059f571cc07c099968,53,484f_2026-01.pdf#r0238;484f_2026-01.pdf#r0239,NA
8415908065,8415908050,2026-02-01,split,TRUE,Discontinued,Established,HTS,FALSE,484f_2026-01.pdf,6c15b74b65a692c53a3e8072051c8fc0991ff72e16850f059f571cc07c099968,53,484f_2026-01.pdf#r0240;484f_2026-01.pdf#r0241,NA
8415908065,8415908070,2026-02-01,split,TRUE,Discontinued,Established,HTS,FALSE,484f_2026-01.pdf,6c15b74b65a692c53a3e8072051c8fc0991ff72e16850f059f571cc07c099968,53,484f_2026-01.pdf#r0241;484f_2026-01.pdf#r0242,NA
8431491090,8431491070,2026-02-01,split,TRUE,Discontinued,Established,HTS,FALSE,484f_2026-01.pdf,6c15b74b65a692c53a3e8072051c8fc0991ff72e16850f059f571cc07c099968,54,484f_2026-01.pdf#r0243;484f_2026-01.pdf#r0245,NA
8431491090,8431491080,2026-02-01,split,TRUE,Discontinued,Established,HTS,FALSE,484f_2026-01.pdf,6c15b74b65a692c53a3e8072051c8fc0991ff72e16850f059f571cc07c099968,54,484f_2026-01.pdf#r0244;484f_2026-01.pdf#r0245,NA
8431499030,8431499032,2026-02-01,split,TRUE,Discontinued,Established,HTS,FALSE,484f_2026-01.pdf,6c15b74b65a692c53a3e8072051c8fc0991ff72e16850f059f571cc07c099968,54,484f_2026-01.pdf#r0246;484f_2026-01.pdf#r0247,NA
8431499030,8431499034,2026-02-01,split,TRUE,Discontinued,Established,HTS,FALSE,484f_2026-01.pdf,6c15b74b65a692c53a3e8072051c8fc0991ff72e16850f059f571cc07c099968,54,484f_2026-01.pdf#r0246;484f_2026-01.pdf#r0248,NA
8431499044,8431499039,2026-02-01,split,TRUE,Discontinued,Established,HTS,FALSE,484f_2026-01.pdf,6c15b74b65a692c53a3e8072051c8fc0991ff72e16850f059f571cc07c099968,54,484f_2026-01.pdf#r0249;484f_2026-01.pdf#r0251,NA
8431499044,8431499041,2026-02-01,split,TRUE,Discontinued,Established,HTS,FALSE,484f_2026-01.pdf,6c15b74b65a692c53a3e8072051c8fc0991ff72e16850f059f571cc07c099968,54,484f_2026-01.pdf#r0250;484f_2026-01.pdf#r0251,NA
8431499095,8431499092,2026-02-01,split,TRUE,Discontinued,Established,HTS,FALSE,484f_2026-01.pdf,6c15b74b65a692c53a3e8072051c8fc0991ff72e16850f059f571cc07c099968,54,484f_2026-01.pdf#r0252;484f_2026-01.pdf#r0254,NA
8431499095,8431499094,2026-02-01,split,TRUE,Discontinued,Established,HTS,FALSE,484f_2026-01.pdf,6c15b74b65a692c53a3e8072051c8fc0991ff72e16850f059f571cc07c099968,54,484f_2026-01.pdf#r0253;484f_2026-01.pdf#r0254,NA
8460230080,8460230055,2026-02-01,split,TRUE,Discontinued,Established,HTS,FALSE,484f_2026-01.pdf,6c15b74b65a692c53a3e8072051c8fc0991ff72e16850f059f571cc07c099968,55,484f_2026-01.pdf#r0255;484f_2026-01.pdf#r0258,NA
8460230080,8460230065,2026-02-01,split,TRUE,Discontinued,Established,HTS,FALSE,484f_2026-01.pdf,6c15b74b65a692c53a3e8072051c8fc0991ff72e16850f059f571cc07c099968,55,484f_2026-01.pdf#r0256;484f_2026-01.pdf#r0258,NA
8460230080,8460230075,2026-02-01,split,TRUE,Discontinued,Established,HTS,FALSE,484f_2026-01.pdf,6c15b74b65a692c53a3e8072051c8fc0991ff72e16850f059f571cc07c099968,55,484f_2026-01.pdf#r0257;484f_2026-01.pdf#r0258,NA
8460240010,8460240080,2026-02-01,merge,TRUE,Discontinued,Established,HTS,FALSE,484f_2026-01.pdf,6c15b74b65a692c53a3e8072051c8fc0991ff72e16850f059f571cc07c099968,55,484f_2026-01.pdf#r0259;484f_2026-01.pdf#r0262,NA
8460240030,8460240080,2026-02-01,merge,TRUE,Discontinued,Established,HTS,FALSE,484f_2026-01.pdf,6c15b74b65a692c53a3e8072051c8fc0991ff72e16850f059f571cc07c099968,55,484f_2026-01.pdf#r0260;484f_2026-01.pdf#r0262,NA
8460240050,8460240080,2026-02-01,merge,TRUE,Discontinued,Established,HTS,FALSE,484f_2026-01.pdf,6c15b74b65a692c53a3e8072051c8fc0991ff72e16850f059f571cc07c099968,55,484f_2026-01.pdf#r0261;484f_2026-01.pdf#r0262,NA
8482910020,8482910015,2026-02-01,split,TRUE,Discontinued,Established,HTS,FALSE,484f_2026-01.pdf,6c15b74b65a692c53a3e8072051c8fc0991ff72e16850f059f571cc07c099968,57,484f_2026-01.pdf#r0263;484f_2026-01.pdf#r0264,NA
8482910020,8482910030,2026-02-01,split,TRUE,Discontinued,Established,HTS,FALSE,484f_2026-01.pdf,6c15b74b65a692c53a3e8072051c8fc0991ff72e16850f059f571cc07c099968,57,484f_2026-01.pdf#r0264;484f_2026-01.pdf#r0265,NA
8507600020,8507600030,2026-02-01,split,TRUE,Discontinued,Established,HTS,FALSE,484f_2026-01.pdf,6c15b74b65a692c53a3e8072051c8fc0991ff72e16850f059f571cc07c099968,62,484f_2026-01.pdf#r0266;484f_2026-01.pdf#r0267,NA
8507600020,8507600090,2026-02-01,split,TRUE,Discontinued,Established,HTS,FALSE,484f_2026-01.pdf,6c15b74b65a692c53a3e8072051c8fc0991ff72e16850f059f571cc07c099968,62,484f_2026-01.pdf#r0267;484f_2026-01.pdf#r0268,NA
8541290075,8541290065,2026-02-01,split,TRUE,Discontinued,Established,HTS,FALSE,484f_2026-01.pdf,6c15b74b65a692c53a3e8072051c8fc0991ff72e16850f059f571cc07c099968,63,484f_2026-01.pdf#r0270;484f_2026-01.pdf#r0271,NA
8541290075,8541290085,2026-02-01,split,TRUE,Discontinued,Established,HTS,FALSE,484f_2026-01.pdf,6c15b74b65a692c53a3e8072051c8fc0991ff72e16850f059f571cc07c099968,63,484f_2026-01.pdf#r0271;484f_2026-01.pdf#r0272,NA
8541290095,8541290055,2026-02-01,rename,FALSE,Discontinued,Established,HTS,FALSE,484f_2026-01.pdf,6c15b74b65a692c53a3e8072051c8fc0991ff72e16850f059f571cc07c099968,63,484f_2026-01.pdf#r0269;484f_2026-01.pdf#r0273,NA
8541900000,8541900010,2026-02-01,split,TRUE,Annotated,Established,HTS,FALSE,484f_2026-01.pdf,6c15b74b65a692c53a3e8072051c8fc0991ff72e16850f059f571cc07c099968,63,484f_2026-01.pdf#r0274;484f_2026-01.pdf#r0275,NA
8541900000,8541900080,2026-02-01,split,TRUE,Annotated,Established,HTS,FALSE,484f_2026-01.pdf,6c15b74b65a692c53a3e8072051c8fc0991ff72e16850f059f571cc07c099968,63,484f_2026-01.pdf#r0274;484f_2026-01.pdf#r0276,NA
9401999070,9401999040,2026-02-01,split,TRUE,Discontinued,Established,HTS,FALSE,484f_2026-01.pdf,6c15b74b65a692c53a3e8072051c8fc0991ff72e16850f059f571cc07c099968,66,484f_2026-01.pdf#r0277;484f_2026-01.pdf#r0278,NA
9401999070,9401999085,2026-02-01,split,TRUE,Discontinued,Established,HTS,FALSE,484f_2026-01.pdf,6c15b74b65a692c53a3e8072051c8fc0991ff72e16850f059f571cc07c099968,66,484f_2026-01.pdf#r0278;484f_2026-01.pdf#r0279,ovr_2026-01_9401999070_self_to_9401999085
0704200000,0704200020,2026-07-01,split,TRUE,Annotated,Established,HTS,FALSE,484f_2026-07.pdf,6cb6a677eaaecd228216cc399afc2d1cf539a17a71366ae31dab7c02759b7510,1,484f_2026-07.pdf#r0001;484f_2026-07.pdf#r0002,NA
0704200000,0704200040,2026-07-01,split,TRUE,Annotated,Established,HTS,FALSE,484f_2026-07.pdf,6cb6a677eaaecd228216cc399afc2d1cf539a17a71366ae31dab7c02759b7510,1,484f_2026-07.pdf#r0001;484f_2026-07.pdf#r0003,NA
0710909100,0710909120,2026-07-01,split,TRUE,Annotated,Established,HTS,FALSE,484f_2026-07.pdf,6cb6a677eaaecd228216cc399afc2d1cf539a17a71366ae31dab7c02759b7510,2,484f_2026-07.pdf#r0004;484f_2026-07.pdf#r0005,NA
0710909100,0710909140,2026-07-01,split,TRUE,Annotated,Established,HTS,FALSE,484f_2026-07.pdf,6cb6a677eaaecd228216cc399afc2d1cf539a17a71366ae31dab7c02759b7510,2,484f_2026-07.pdf#r0004;484f_2026-07.pdf#r0006,NA
0805406000,0805406010,2026-07-01,split,TRUE,Annotated,Established,HTS,FALSE,484f_2026-07.pdf,6cb6a677eaaecd228216cc399afc2d1cf539a17a71366ae31dab7c02759b7510,2,484f_2026-07.pdf#r0007;484f_2026-07.pdf#r0008,NA
0805406000,0805406090,2026-07-01,split,TRUE,Annotated,Established,HTS,FALSE,484f_2026-07.pdf,6cb6a677eaaecd228216cc399afc2d1cf539a17a71366ae31dab7c02759b7510,2,484f_2026-07.pdf#r0007;484f_2026-07.pdf#r0009,NA
1207990360,1207990365,2026-07-01,split,TRUE,Deleted,Established,HTS,FALSE,484f_2026-07.pdf,6cb6a677eaaecd228216cc399afc2d1cf539a17a71366ae31dab7c02759b7510,3,484f_2026-07.pdf#r0010;484f_2026-07.pdf#r0011,NA
1207990360,1207990375,2026-07-01,split,TRUE,Deleted,Established,HTS,FALSE,484f_2026-07.pdf,6cb6a677eaaecd228216cc399afc2d1cf539a17a71366ae31dab7c02759b7510,3,484f_2026-07.pdf#r0010;484f_2026-07.pdf#r0012,NA
1207990391,1207990392,2026-07-01,split,TRUE,Deleted,Established,HTS,FALSE,484f_2026-07.pdf,6cb6a677eaaecd228216cc399afc2d1cf539a17a71366ae31dab7c02759b7510,3,484f_2026-07.pdf#r0013;484f_2026-07.pdf#r0014,NA
1207990391,1207990397,2026-07-01,split,TRUE,Deleted,Established,HTS,FALSE,484f_2026-07.pdf,6cb6a677eaaecd228216cc399afc2d1cf539a17a71366ae31dab7c02759b7510,3,484f_2026-07.pdf#r0013;484f_2026-07.pdf#r0015,NA
1211908990,1211908992,2026-07-01,split,TRUE,Deleted,Established,HTS,FALSE,484f_2026-07.pdf,6cb6a677eaaecd228216cc399afc2d1cf539a17a71366ae31dab7c02759b7510,4,484f_2026-07.pdf#r0016;484f_2026-07.pdf#r0017,NA
1211908990,1211908997,2026-07-01,split,TRUE,Deleted,Established,HTS,FALSE,484f_2026-07.pdf,6cb6a677eaaecd228216cc399afc2d1cf539a17a71366ae31dab7c02759b7510,4,484f_2026-07.pdf#r0016;484f_2026-07.pdf#r0018,NA
1302199140,1302199145,2026-07-01,split,TRUE,Deleted,Established,HTS,FALSE,484f_2026-07.pdf,6cb6a677eaaecd228216cc399afc2d1cf539a17a71366ae31dab7c02759b7510,5,484f_2026-07.pdf#r0019;484f_2026-07.pdf#r0020,NA
1302199140,1302199155,2026-07-01,split,TRUE,Deleted,Established,HTS,FALSE,484f_2026-07.pdf,6cb6a677eaaecd228216cc399afc2d1cf539a17a71366ae31dab7c02759b7510,5,484f_2026-07.pdf#r0019;484f_2026-07.pdf#r0021,NA
1515908190,1515908120,2026-07-01,split,TRUE,Deleted,Established,HTS,FALSE,484f_2026-07.pdf,6cb6a677eaaecd228216cc399afc2d1cf539a17a71366ae31dab7c02759b7510,6,484f_2026-07.pdf#r0022;484f_2026-07.pdf#r0026,NA
1515908190,1515908140,2026-07-01,split,TRUE,Deleted,Established,HTS,FALSE,484f_2026-07.pdf,6cb6a677eaaecd228216cc399afc2d1cf539a17a71366ae31dab7c02759b7510,6,484f_2026-07.pdf#r0023;484f_2026-07.pdf#r0026,NA
1515908190,1515908175,2026-07-01,split,TRUE,Deleted,Established,HTS,FALSE,484f_2026-07.pdf,6cb6a677eaaecd228216cc399afc2d1cf539a17a71366ae31dab7c02759b7510,6,484f_2026-07.pdf#r0024;484f_2026-07.pdf#r0026,NA
1515908190,1515908185,2026-07-01,split,TRUE,Deleted,Established,HTS,FALSE,484f_2026-07.pdf,6cb6a677eaaecd228216cc399afc2d1cf539a17a71366ae31dab7c02759b7510,6,484f_2026-07.pdf#r0025;484f_2026-07.pdf#r0026,NA
1702909000,1702909020,2026-07-01,split,TRUE,Annotated,Established,HTS,FALSE,484f_2026-07.pdf,6cb6a677eaaecd228216cc399afc2d1cf539a17a71366ae31dab7c02759b7510,7,484f_2026-07.pdf#r0027;484f_2026-07.pdf#r0028,NA
1702909000,1702909050,2026-07-01,split,TRUE,Annotated,Established,HTS,FALSE,484f_2026-07.pdf,6cb6a677eaaecd228216cc399afc2d1cf539a17a71366ae31dab7c02759b7510,7,484f_2026-07.pdf#r0027;484f_2026-07.pdf#r0029,NA
1805000000,1805000010,2026-07-01,split,TRUE,Annotated,Established,HTS,FALSE,484f_2026-07.pdf,6cb6a677eaaecd228216cc399afc2d1cf539a17a71366ae31dab7c02759b7510,7,484f_2026-07.pdf#r0030;484f_2026-07.pdf#r0031,NA
1805000000,1805000090,2026-07-01,split,TRUE,Annotated,Established,HTS,FALSE,484f_2026-07.pdf,6cb6a677eaaecd228216cc399afc2d1cf539a17a71366ae31dab7c02759b7510,7,484f_2026-07.pdf#r0030;484f_2026-07.pdf#r0032,NA
1806205000,1806205010,2026-07-01,split,TRUE,Annotated,Established,HTS,FALSE,484f_2026-07.pdf,6cb6a677eaaecd228216cc399afc2d1cf539a17a71366ae31dab7c02759b7510,8,484f_2026-07.pdf#r0033;484f_2026-07.pdf#r0034,NA
1806205000,1806205090,2026-07-01,split,TRUE,Annotated,Established,HTS,FALSE,484f_2026-07.pdf,6cb6a677eaaecd228216cc399afc2d1cf539a17a71366ae31dab7c02759b7510,8,484f_2026-07.pdf#r0033;484f_2026-07.pdf#r0035,NA
1806310049,1806310055,2026-07-01,split,TRUE,Deleted,Established,HTS,FALSE,484f_2026-07.pdf,6cb6a677eaaecd228216cc399afc2d1cf539a17a71366ae31dab7c02759b7510,9,484f_2026-07.pdf#r0036;484f_2026-07.pdf#r0037,NA
1806310049,1806310065,2026-07-01,split,TRUE,Deleted,Established,HTS,FALSE,484f_2026-07.pdf,6cb6a677eaaecd228216cc399afc2d1cf539a17a71366ae31dab7c02759b7510,9,484f_2026-07.pdf#r0036;484f_2026-07.pdf#r0038,NA
1806323000,1806323010,2026-07-01,split,TRUE,Annotated,Established,HTS,FALSE,484f_2026-07.pdf,6cb6a677eaaecd228216cc399afc2d1cf539a17a71366ae31dab7c02759b7510,9,484f_2026-07.pdf#r0039;484f_2026-07.pdf#r0040,NA
1806323000,1806323090,2026-07-01,split,TRUE,Annotated,Established,HTS,FALSE,484f_2026-07.pdf,6cb6a677eaaecd228216cc399afc2d1cf539a17a71366ae31dab7c02759b7510,9,484f_2026-07.pdf#r0039;484f_2026-07.pdf#r0041,NA
1806329000,1806329010,2026-07-01,split,TRUE,Annotated,Established,HTS,FALSE,484f_2026-07.pdf,6cb6a677eaaecd228216cc399afc2d1cf539a17a71366ae31dab7c02759b7510,10,484f_2026-07.pdf#r0042;484f_2026-07.pdf#r0043,NA
1806329000,1806329090,2026-07-01,split,TRUE,Annotated,Established,HTS,FALSE,484f_2026-07.pdf,6cb6a677eaaecd228216cc399afc2d1cf539a17a71366ae31dab7c02759b7510,10,484f_2026-07.pdf#r0042;484f_2026-07.pdf#r0044,NA
1806909019,1806909025,2026-07-01,split,TRUE,Deleted,Established,HTS,FALSE,484f_2026-07.pdf,6cb6a677eaaecd228216cc399afc2d1cf539a17a71366ae31dab7c02759b7510,11,484f_2026-07.pdf#r0045;484f_2026-07.pdf#r0046,NA
1806909019,1806909045,2026-07-01,split,TRUE,Deleted,Established,HTS,FALSE,484f_2026-07.pdf,6cb6a677eaaecd228216cc399afc2d1cf539a17a71366ae31dab7c02759b7510,11,484f_2026-07.pdf#r0045;484f_2026-07.pdf#r0047,NA
1806909090,1806909075,2026-07-01,split,TRUE,Deleted,Established,HTS,FALSE,484f_2026-07.pdf,6cb6a677eaaecd228216cc399afc2d1cf539a17a71366ae31dab7c02759b7510,11,484f_2026-07.pdf#r0048;484f_2026-07.pdf#r0050,NA
1806909090,1806909085,2026-07-01,split,TRUE,Deleted,Established,HTS,FALSE,484f_2026-07.pdf,6cb6a677eaaecd228216cc399afc2d1cf539a17a71366ae31dab7c02759b7510,11,484f_2026-07.pdf#r0049;484f_2026-07.pdf#r0050,NA
1902192030,1902192040,2026-07-01,split,TRUE,Deleted,Established,HTS,FALSE,484f_2026-07.pdf,6cb6a677eaaecd228216cc399afc2d1cf539a17a71366ae31dab7c02759b7510,11,484f_2026-07.pdf#r0051;484f_2026-07.pdf#r0052,NA
1902192030,1902192050,2026-07-01,split,TRUE,Deleted,Established,HTS,FALSE,484f_2026-07.pdf,6cb6a677eaaecd228216cc399afc2d1cf539a17a71366ae31dab7c02759b7510,11,484f_2026-07.pdf#r0051;484f_2026-07.pdf#r0053,NA
1902192090,1902192075,2026-07-01,split,TRUE,Deleted,Established,HTS,FALSE,484f_2026-07.pdf,6cb6a677eaaecd228216cc399afc2d1cf539a17a71366ae31dab7c02759b7510,11,484f_2026-07.pdf#r0054;484f_2026-07.pdf#r0056,NA
1902192090,1902192085,2026-07-01,split,TRUE,Deleted,Established,HTS,FALSE,484f_2026-07.pdf,6cb6a677eaaecd228216cc399afc2d1cf539a17a71366ae31dab7c02759b7510,11,484f_2026-07.pdf#r0055;484f_2026-07.pdf#r0056,NA
1904100080,1904100065,2026-07-01,split,TRUE,Deleted,Established,HTS,FALSE,484f_2026-07.pdf,6cb6a677eaaecd228216cc399afc2d1cf539a17a71366ae31dab7c02759b7510,12,484f_2026-07.pdf#r0057;484f_2026-07.pdf#r0059,NA
1904100080,1904100075,2026-07-01,split,TRUE,Deleted,Established,HTS,FALSE,484f_2026-07.pdf,6cb6a677eaaecd228216cc399afc2d1cf539a17a71366ae31dab7c02759b7510,12,484f_2026-07.pdf#r0058;484f_2026-07.pdf#r0059,NA
1905310049,1905310042,2026-07-01,split,TRUE,Deleted,Established,HTS,FALSE,484f_2026-07.pdf,6cb6a677eaaecd228216cc399afc2d1cf539a17a71366ae31dab7c02759b7510,13,484f_2026-07.pdf#r0060;484f_2026-07.pdf#r0062,NA
1905310049,1905310045,2026-07-01,split,TRUE,Deleted,Established,HTS,FALSE,484f_2026-07.pdf,6cb6a677eaaecd228216cc399afc2d1cf539a17a71366ae31dab7c02759b7510,13,484f_2026-07.pdf#r0061;484f_2026-07.pdf#r0062,NA
1905901090,1905901075,2026-07-01,split,TRUE,Deleted,Established,HTS,FALSE,484f_2026-07.pdf,6cb6a677eaaecd228216cc399afc2d1cf539a17a71366ae31dab7c02759b7510,13,484f_2026-07.pdf#r0063;484f_2026-07.pdf#r0065,NA
1905901090,1905901085,2026-07-01,split,TRUE,Deleted,Established,HTS,FALSE,484f_2026-07.pdf,6cb6a677eaaecd228216cc399afc2d1cf539a17a71366ae31dab7c02759b7510,13,484f_2026-07.pdf#r0064;484f_2026-07.pdf#r0065,NA
2009122500,2009122510,2026-07-01,split,TRUE,Annotated,Established,HTS,FALSE,484f_2026-07.pdf,6cb6a677eaaecd228216cc399afc2d1cf539a17a71366ae31dab7c02759b7510,14,484f_2026-07.pdf#r0066;484f_2026-07.pdf#r0067,NA
2009122500,2009122590,2026-07-01,split,TRUE,Annotated,Established,HTS,FALSE,484f_2026-07.pdf,6cb6a677eaaecd228216cc399afc2d1cf539a17a71366ae31dab7c02759b7510,14,484f_2026-07.pdf#r0066;484f_2026-07.pdf#r0068,NA
2009897065,2009897067,2026-07-01,split,TRUE,Deleted,Established,HTS,FALSE,484f_2026-07.pdf,6cb6a677eaaecd228216cc399afc2d1cf539a17a71366ae31dab7c02759b7510,15,484f_2026-07.pdf#r0069;484f_2026-07.pdf#r0070,NA
2009897065,2009897069,2026-07-01,split,TRUE,Deleted,Established,HTS,FALSE,484f_2026-07.pdf,6cb6a677eaaecd228216cc399afc2d1cf539a17a71366ae31dab7c02759b7510,15,484f_2026-07.pdf#r0069;484f_2026-07.pdf#r0071,NA
2009904000,2009904020,2026-07-01,split,TRUE,Annotated,Established,HTS,FALSE,484f_2026-07.pdf,6cb6a677eaaecd228216cc399afc2d1cf539a17a71366ae31dab7c02759b7510,15,484f_2026-07.pdf#r0072;484f_2026-07.pdf#r0073,NA
2009904000,2009904040,2026-07-01,split,TRUE,Annotated,Established,HTS,FALSE,484f_2026-07.pdf,6cb6a677eaaecd228216cc399afc2d1cf539a17a71366ae31dab7c02759b7510,15,484f_2026-07.pdf#r0072;484f_2026-07.pdf#r0074,NA
2104100060,2104100055,2026-07-01,split,TRUE,Deleted,Established,HTS,FALSE,484f_2026-07.pdf,6cb6a677eaaecd228216cc399afc2d1cf539a17a71366ae31dab7c02759b7510,16,484f_2026-07.pdf#r0075;484f_2026-07.pdf#r0076,NA
2104100060,2104100065,2026-07-01,split,TRUE,Deleted,Established,HTS,FALSE,484f_2026-07.pdf,6cb6a677eaaecd228216cc399afc2d1cf539a17a71366ae31dab7c02759b7510,16,484f_2026-07.pdf#r0076;484f_2026-07.pdf#r0077,NA
2106909995,2106909991,2026-07-01,rename,FALSE,NA,Established,HTS,FALSE,484f_2026-07.pdf,6cb6a677eaaecd228216cc399afc2d1cf539a17a71366ae31dab7c02759b7510,16,484f_2026-07.pdf#r0078,NA
2106909995,NA,2026-07-01,no_successor,FALSE,Deleted,NA,HTS,FALSE,484f_2026-07.pdf,6cb6a677eaaecd228216cc399afc2d1cf539a17a71366ae31dab7c02759b7510,16,484f_2026-07.pdf#r0082,NA
2106909997,2106909992,2026-07-01,rename,FALSE,NA,Established,HTS,FALSE,484f_2026-07.pdf,6cb6a677eaaecd228216cc399afc2d1cf539a17a71366ae31dab7c02759b7510,16,484f_2026-07.pdf#r0079,NA
2106909997,NA,2026-07-01,no_successor,FALSE,Deleted,NA,HTS,FALSE,484f_2026-07.pdf,6cb6a677eaaecd228216cc399afc2d1cf539a17a71366ae31dab7c02759b7510,16,484f_2026-07.pdf#r0083,NA
2106909998,2106909993,2026-07-01,split,TRUE,Deleted,Established,HTS,FALSE,484f_2026-07.pdf,6cb6a677eaaecd228216cc399afc2d1cf539a17a71366ae31dab7c02759b7510,16,484f_2026-07.pdf#r0080;484f_2026-07.pdf#r0084,NA
2106909998,2106909994,2026-07-01,split,TRUE,Deleted,Established,HTS,FALSE,484f_2026-07.pdf,6cb6a677eaaecd228216cc399afc2d1cf539a17a71366ae31dab7c02759b7510,16,484f_2026-07.pdf#r0081;484f_2026-07.pdf#r0084,NA
2208602000,2208602030,2026-07-01,split,TRUE,Annotated,Established,HTS,FALSE,484f_2026-07.pdf,6cb6a677eaaecd228216cc399afc2d1cf539a17a71366ae31dab7c02759b7510,17,484f_2026-07.pdf#r0085;484f_2026-07.pdf#r0086,NA
2208602000,2208602060,2026-07-01,split,TRUE,Annotated,Established,HTS,FALSE,484f_2026-07.pdf,6cb6a677eaaecd228216cc399afc2d1cf539a17a71366ae31dab7c02759b7510,17,484f_2026-07.pdf#r0085;484f_2026-07.pdf#r0087,NA
2208905000,2208905030,2026-07-01,split,TRUE,Annotated,Established,HTS,FALSE,484f_2026-07.pdf,6cb6a677eaaecd228216cc399afc2d1cf539a17a71366ae31dab7c02759b7510,17,484f_2026-07.pdf#r0088;484f_2026-07.pdf#r0089,NA
2208905000,2208905060,2026-07-01,split,TRUE,Annotated,Established,HTS,FALSE,484f_2026-07.pdf,6cb6a677eaaecd228216cc399afc2d1cf539a17a71366ae31dab7c02759b7510,17,484f_2026-07.pdf#r0088;484f_2026-07.pdf#r0090,NA
2209000000,2209000030,2026-07-01,split,TRUE,Annotated,Established,HTS,FALSE,484f_2026-07.pdf,6cb6a677eaaecd228216cc399afc2d1cf539a17a71366ae31dab7c02759b7510,18,484f_2026-07.pdf#r0091;484f_2026-07.pdf#r0092,NA
2209000000,2209000060,2026-07-01,split,TRUE,Annotated,Established,HTS,FALSE,484f_2026-07.pdf,6cb6a677eaaecd228216cc399afc2d1cf539a17a71366ae31dab7c02759b7510,18,484f_2026-07.pdf#r0091;484f_2026-07.pdf#r0093,NA
2918302500,2918302510,2026-07-01,split,TRUE,Annotated,Established,HTS,FALSE,484f_2026-07.pdf,6cb6a677eaaecd228216cc399afc2d1cf539a17a71366ae31dab7c02759b7510,18,484f_2026-07.pdf#r0094;484f_2026-07.pdf#r0095,NA
2918302500,2918302550,2026-07-01,split,TRUE,Annotated,Established,HTS,FALSE,484f_2026-07.pdf,6cb6a677eaaecd228216cc399afc2d1cf539a17a71366ae31dab7c02759b7510,18,484f_2026-07.pdf#r0094;484f_2026-07.pdf#r0096,NA
2918994300,2918994310,2026-07-01,split,FALSE,Annotated,NA,HTS,FALSE,484f_2026-07.pdf,6cb6a677eaaecd228216cc399afc2d1cf539a17a71366ae31dab7c02759b7510,20,484f_2026-07.pdf#r0100,NA
2918994300,2918994350,2026-07-01,split,FALSE,Annotated,NA,HTS,FALSE,484f_2026-07.pdf,6cb6a677eaaecd228216cc399afc2d1cf539a17a71366ae31dab7c02759b7510,20,484f_2026-07.pdf#r0100,NA
2920905100,2920905110,2026-07-01,split,TRUE,Annotated,Established,HTS,FALSE,484f_2026-07.pdf,6cb6a677eaaecd228216cc399afc2d1cf539a17a71366ae31dab7c02759b7510,21,484f_2026-07.pdf#r0106;484f_2026-07.pdf#r0107,NA
2920905100,2920905150,2026-07-01,split,TRUE,Annotated,Established,HTS,FALSE,484f_2026-07.pdf,6cb6a677eaaecd228216cc399afc2d1cf539a17a71366ae31dab7c02759b7510,21,484f_2026-07.pdf#r0106;484f_2026-07.pdf#r0108,NA
2922190900,2922190910,2026-07-01,split,TRUE,Annotated,Established,HTS,FALSE,484f_2026-07.pdf,6cb6a677eaaecd228216cc399afc2d1cf539a17a71366ae31dab7c02759b7510,29,484f_2026-07.pdf#r0130;484f_2026-07.pdf#r0131,NA
2922190900,2922190990,2026-07-01,split,TRUE,Annotated,Established,HTS,FALSE,484f_2026-07.pdf,6cb6a677eaaecd228216cc399afc2d1cf539a17a71366ae31dab7c02759b7510,29,484f_2026-07.pdf#r0130;484f_2026-07.pdf#r0132,NA
2922501300,2922501310,2026-07-01,split,TRUE,Annotated,Established,HTS,FALSE,484f_2026-07.pdf,6cb6a677eaaecd228216cc399afc2d1cf539a17a71366ae31dab7c02759b7510,30,484f_2026-07.pdf#r0133;484f_2026-07.pdf#r0134,NA
2922501300,2922501390,2026-07-01,split,TRUE,Annotated,Established,HTS,FALSE,484f_2026-07.pdf,6cb6a677eaaecd228216cc399afc2d1cf539a17a71366ae31dab7c02759b7510,30,484f_2026-07.pdf#r0133;484f_2026-07.pdf#r0135,NA
2924297100,2924297110,2026-07-01,split,TRUE,Annotated,Established,HTS,FALSE,484f_2026-07.pdf,6cb6a677eaaecd228216cc399afc2d1cf539a17a71366ae31dab7c02759b7510,22,484f_2026-07.pdf#r0109;484f_2026-07.pdf#r0110,NA
2924297100,2924297150,2026-07-01,split,TRUE,Annotated,Established,HTS,FALSE,484f_2026-07.pdf,6cb6a677eaaecd228216cc399afc2d1cf539a17a71366ae31dab7c02759b7510,22,484f_2026-07.pdf#r0109;484f_2026-07.pdf#r0111,NA
2930904920,2930904940,2026-07-01,split,TRUE,Annotated,Established,HTS,FALSE,484f_2026-07.pdf,6cb6a677eaaecd228216cc399afc2d1cf539a17a71366ae31dab7c02759b7510,30,484f_2026-07.pdf#r0136;484f_2026-07.pdf#r0137,NA
2930904920,2930904945,2026-07-01,split,TRUE,Annotated,Established,HTS,FALSE,484f_2026-07.pdf,6cb6a677eaaecd228216cc399afc2d1cf539a17a71366ae31dab7c02759b7510,30,484f_2026-07.pdf#r0136;484f_2026-07.pdf#r0138,NA
2930909251,2930909240,2026-07-01,split,TRUE,Deleted,Established,HTS,FALSE,484f_2026-07.pdf,6cb6a677eaaecd228216cc399afc2d1cf539a17a71366ae31dab7c02759b7510,24,484f_2026-07.pdf#r0115;484f_2026-07.pdf#r0116,NA
2930909251,2930909255,2026-07-01,split,TRUE,Deleted,Established,HTS,FALSE,484f_2026-07.pdf,6cb6a677eaaecd228216cc399afc2d1cf539a17a71366ae31dab7c02759b7510,24,484f_2026-07.pdf#r0115;484f_2026-07.pdf#r0117,NA
2932996100,2932996110,2026-07-01,split,TRUE,Annotated,Established,HTS,FALSE,484f_2026-07.pdf,6cb6a677eaaecd228216cc399afc2d1cf539a17a71366ae31dab7c02759b7510,25,484f_2026-07.pdf#r0118;484f_2026-07.pdf#r0119,NA
2932996100,2932996150,2026-07-01,split,TRUE,Annotated,Established,HTS,FALSE,484f_2026-07.pdf,6cb6a677eaaecd228216cc399afc2d1cf539a17a71366ae31dab7c02759b7510,25,484f_2026-07.pdf#r0118;484f_2026-07.pdf#r0120,NA
2933396191,2933396140,2026-07-01,split,TRUE,Deleted,Established,HTS,FALSE,484f_2026-07.pdf,6cb6a677eaaecd228216cc399afc2d1cf539a17a71366ae31dab7c02759b7510,27,484f_2026-07.pdf#r0124;484f_2026-07.pdf#r0125,NA
2933396191,2933396192,2026-07-01,split,TRUE,Deleted,Established,HTS,FALSE,484f_2026-07.pdf,6cb6a677eaaecd228216cc399afc2d1cf539a17a71366ae31dab7c02759b7510,27,484f_2026-07.pdf#r0125;484f_2026-07.pdf#r0126,NA
2934994700,2934994720,2026-07-01,split,TRUE,Annotated,Established,HTS,FALSE,484f_2026-07.pdf,6cb6a677eaaecd228216cc399afc2d1cf539a17a71366ae31dab7c02759b7510,31,484f_2026-07.pdf#r0139;484f_2026-07.pdf#r0140,NA
2934994700,2934994730,2026-07-01,split,TRUE,Annotated,Established,HTS,FALSE,484f_2026-07.pdf,6cb6a677eaaecd228216cc399afc2d1cf539a17a71366ae31dab7c02759b7510,31,484f_2026-07.pdf#r0139;484f_2026-07.pdf#r0141,NA
2934994700,2934994740,2026-07-01,split,TRUE,Annotated,Established,HTS,FALSE,484f_2026-07.pdf,6cb6a677eaaecd228216cc399afc2d1cf539a17a71366ae31dab7c02759b7510,31,484f_2026-07.pdf#r0139;484f_2026-07.pdf#r0142,NA
2934994700,2934994790,2026-07-01,split,TRUE,Annotated,Established,HTS,FALSE,484f_2026-07.pdf,6cb6a677eaaecd228216cc399afc2d1cf539a17a71366ae31dab7c02759b7510,31,484f_2026-07.pdf#r0139;484f_2026-07.pdf#r0143,NA
2937220000,2937220010,2026-07-01,split,TRUE,Annotated,Established,HTS,FALSE,484f_2026-07.pdf,6cb6a677eaaecd228216cc399afc2d1cf539a17a71366ae31dab7c02759b7510,32,484f_2026-07.pdf#r0144;484f_2026-07.pdf#r0145,NA
2937220000,2937220090,2026-07-01,split,TRUE,Annotated,Established,HTS,FALSE,484f_2026-07.pdf,6cb6a677eaaecd228216cc399afc2d1cf539a17a71366ae31dab7c02759b7510,32,484f_2026-07.pdf#r0144;484f_2026-07.pdf#r0146,NA
2939790000,2939790010,2026-07-01,split,TRUE,Annotated,Established,HTS,FALSE,484f_2026-07.pdf,6cb6a677eaaecd228216cc399afc2d1cf539a17a71366ae31dab7c02759b7510,32,484f_2026-07.pdf#r0147;484f_2026-07.pdf#r0148,NA
2939790000,2939790090,2026-07-01,split,TRUE,Annotated,Established,HTS,FALSE,484f_2026-07.pdf,6cb6a677eaaecd228216cc399afc2d1cf539a17a71366ae31dab7c02759b7510,32,484f_2026-07.pdf#r0147;484f_2026-07.pdf#r0149,NA
2941300000,2941300010,2026-07-01,split,TRUE,Annotated,Established,HTS,FALSE,484f_2026-07.pdf,6cb6a677eaaecd228216cc399afc2d1cf539a17a71366ae31dab7c02759b7510,33,484f_2026-07.pdf#r0150;484f_2026-07.pdf#r0151,NA
2941300000,2941300090,2026-07-01,split,TRUE,Annotated,Established,HTS,FALSE,484f_2026-07.pdf,6cb6a677eaaecd228216cc399afc2d1cf539a17a71366ae31dab7c02759b7510,33,484f_2026-07.pdf#r0150;484f_2026-07.pdf#r0152,NA
2941901010,2941901020,2026-07-01,split,TRUE,Annotated,Established,HTS,FALSE,484f_2026-07.pdf,6cb6a677eaaecd228216cc399afc2d1cf539a17a71366ae31dab7c02759b7510,33,484f_2026-07.pdf#r0153;484f_2026-07.pdf#r0154,NA
2941901010,2941901025,2026-07-01,split,TRUE,Annotated,Established,HTS,FALSE,484f_2026-07.pdf,6cb6a677eaaecd228216cc399afc2d1cf539a17a71366ae31dab7c02759b7510,33,484f_2026-07.pdf#r0153;484f_2026-07.pdf#r0155,NA
2941903000,2941903030,2026-07-01,split,TRUE,Annotated,Established,HTS,FALSE,484f_2026-07.pdf,6cb6a677eaaecd228216cc399afc2d1cf539a17a71366ae31dab7c02759b7510,34,484f_2026-07.pdf#r0156;484f_2026-07.pdf#r0157,NA
2941903000,2941903090,2026-07-01,split,TRUE,Annotated,Established,HTS,FALSE,484f_2026-07.pdf,6cb6a677eaaecd228216cc399afc2d1cf539a17a71366ae31dab7c02759b7510,34,484f_2026-07.pdf#r0156;484f_2026-07.pdf#r0158,NA
2941905000,2941905030,2026-07-01,split,TRUE,Annotated,Established,HTS,FALSE,484f_2026-07.pdf,6cb6a677eaaecd228216cc399afc2d1cf539a17a71366ae31dab7c02759b7510,34,484f_2026-07.pdf#r0159;484f_2026-07.pdf#r0160,NA
2941905000,2941905090,2026-07-01,split,TRUE,Annotated,Established,HTS,FALSE,484f_2026-07.pdf,6cb6a677eaaecd228216cc399afc2d1cf539a17a71366ae31dab7c02759b7510,34,484f_2026-07.pdf#r0159;484f_2026-07.pdf#r0161,NA
3004105075,3004105070,2026-07-01,split,TRUE,Deleted,Established,HTS,FALSE,484f_2026-07.pdf,6cb6a677eaaecd228216cc399afc2d1cf539a17a71366ae31dab7c02759b7510,35,484f_2026-07.pdf#r0162;484f_2026-07.pdf#r0163,NA
3004105075,3004105080,2026-07-01,split,TRUE,Deleted,Established,HTS,FALSE,484f_2026-07.pdf,6cb6a677eaaecd228216cc399afc2d1cf539a17a71366ae31dab7c02759b7510,35,484f_2026-07.pdf#r0163;484f_2026-07.pdf#r0164,NA
3004200083,3004200042,2026-07-01,split,TRUE,Deleted,Established,HTS,FALSE,484f_2026-07.pdf,6cb6a677eaaecd228216cc399afc2d1cf539a17a71366ae31dab7c02759b7510,36,484f_2026-07.pdf#r0165;484f_2026-07.pdf#r0170,NA
3004200083,3004200058,2026-07-01,split,TRUE,Deleted,Established,HTS,FALSE,484f_2026-07.pdf,6cb6a677eaaecd228216cc399afc2d1cf539a17a71366ae31dab7c02759b7510,36,484f_2026-07.pdf#r0166;484f_2026-07.pdf#r0170,NA
3004200083,3004200073,2026-07-01,split,TRUE,Deleted,Established,HTS,FALSE,484f_2026-07.pdf,6cb6a677eaaecd228216cc399afc2d1cf539a17a71366ae31dab7c02759b7510,36,484f_2026-07.pdf#r0167;484f_2026-07.pdf#r0170,NA
3004200083,3004200074,2026-07-01,split,TRUE,Deleted,Established,HTS,FALSE,484f_2026-07.pdf,6cb6a677eaaecd228216cc399afc2d1cf539a17a71366ae31dab7c02759b7510,36,484f_2026-07.pdf#r0168;484f_2026-07.pdf#r0170,NA
3004200083,3004200078,2026-07-01,split,TRUE,Deleted,Established,HTS,FALSE,484f_2026-07.pdf,6cb6a677eaaecd228216cc399afc2d1cf539a17a71366ae31dab7c02759b7510,36,484f_2026-07.pdf#r0169;484f_2026-07.pdf#r0170,NA
3004200083,3004200085,2026-07-01,split,TRUE,Deleted,Established,HTS,FALSE,484f_2026-07.pdf,6cb6a677eaaecd228216cc399afc2d1cf539a17a71366ae31dab7c02759b7510,36,484f_2026-07.pdf#r0170;484f_2026-07.pdf#r0171,NA
3004310000,3004310010,2026-07-01,split,TRUE,Annotated,Established,HTS,FALSE,484f_2026-07.pdf,6cb6a677eaaecd228216cc399afc2d1cf539a17a71366ae31dab7c02759b7510,37,484f_2026-07.pdf#r0172;484f_2026-07.pdf#r0173,NA
3004310000,3004310090,2026-07-01,split,TRUE,Annotated,Established,HTS,FALSE,484f_2026-07.pdf,6cb6a677eaaecd228216cc399afc2d1cf539a17a71366ae31dab7c02759b7510,37,484f_2026-07.pdf#r0172;484f_2026-07.pdf#r0174,NA
3004320060,3004320020,2026-07-01,split,TRUE,Deleted,Established,HTS,FALSE,484f_2026-07.pdf,6cb6a677eaaecd228216cc399afc2d1cf539a17a71366ae31dab7c02759b7510,38,484f_2026-07.pdf#r0175;484f_2026-07.pdf#r0176,NA
3004320060,3004320080,2026-07-01,split,TRUE,Deleted,Established,HTS,FALSE,484f_2026-07.pdf,6cb6a677eaaecd228216cc399afc2d1cf539a17a71366ae31dab7c02759b7510,38,484f_2026-07.pdf#r0176;484f_2026-07.pdf#r0177,NA
3004390055,3004390015,2026-07-01,split,TRUE,Deleted,Established,HTS,FALSE,484f_2026-07.pdf,6cb6a677eaaecd228216cc399afc2d1cf539a17a71366ae31dab7c02759b7510,38,484f_2026-07.pdf#r0178;484f_2026-07.pdf#r0179,NA
3004390055,3004390080,2026-07-01,split,TRUE,Deleted,Established,HTS,FALSE,484f_2026-07.pdf,6cb6a677eaaecd228216cc399afc2d1cf539a17a71366ae31dab7c02759b7510,38,484f_2026-07.pdf#r0179;484f_2026-07.pdf#r0180,NA
3004505020,3004505015,2026-07-01,split,TRUE,Deleted,Established,HTS,FALSE,484f_2026-07.pdf,6cb6a677eaaecd228216cc399afc2d1cf539a17a71366ae31dab7c02759b7510,39,484f_2026-07.pdf#r0181;484f_2026-07.pdf#r0182,NA
3004505020,3004505025,2026-07-01,split,TRUE,Deleted,Established,HTS,FALSE,484f_2026-07.pdf,6cb6a677eaaecd228216cc399afc2d1cf539a17a71366ae31dab7c02759b7510,39,484f_2026-07.pdf#r0182;484f_2026-07.pdf#r0183,NA
3004505020,3004505028,2026-07-01,split,TRUE,Deleted,Established,HTS,FALSE,484f_2026-07.pdf,6cb6a677eaaecd228216cc399afc2d1cf539a17a71366ae31dab7c02759b7510,39,484f_2026-07.pdf#r0182;484f_2026-07.pdf#r0184,NA
3004909211,3004909211,2026-07-01,split,TRUE,Deleted,Established,HTS,TRUE,484f_2026-07.pdf,6cb6a677eaaecd228216cc399afc2d1cf539a17a71366ae31dab7c02759b7510,40,484f_2026-07.pdf#r0185;484f_2026-07.pdf#r0186,NA
3004909211,3004909212,2026-07-01,split,TRUE,Deleted,Established,HTS,TRUE,484f_2026-07.pdf,6cb6a677eaaecd228216cc399afc2d1cf539a17a71366ae31dab7c02759b7510,40,484f_2026-07.pdf#r0185;484f_2026-07.pdf#r0187,NA
3004909212,3004909213,2026-07-01,rename,FALSE,NA,NA,HTS,TRUE,484f_2026-07.pdf,6cb6a677eaaecd228216cc399afc2d1cf539a17a71366ae31dab7c02759b7510,40,484f_2026-07.pdf#s0320,NA
3004909213,3004909214,2026-07-01,rename,FALSE,NA,NA,HTS,FALSE,484f_2026-07.pdf,6cb6a677eaaecd228216cc399afc2d1cf539a17a71366ae31dab7c02759b7510,40,484f_2026-07.pdf#s0321,NA
3004909216,3004909216,2026-07-01,split,TRUE,Deleted,Established,HTS,TRUE,484f_2026-07.pdf,6cb6a677eaaecd228216cc399afc2d1cf539a17a71366ae31dab7c02759b7510,41,484f_2026-07.pdf#r0188;484f_2026-07.pdf#r0189,NA
3004909216,3004909217,2026-07-01,split,TRUE,Deleted,Established,HTS,TRUE,484f_2026-07.pdf,6cb6a677eaaecd228216cc399afc2d1cf539a17a71366ae31dab7c02759b7510,41,484f_2026-07.pdf#r0188;484f_2026-07.pdf#r0190,NA
3004909216,3004909218,2026-07-01,split,TRUE,Deleted,Established,HTS,TRUE,484f_2026-07.pdf,6cb6a677eaaecd228216cc399afc2d1cf539a17a71366ae31dab7c02759b7510,41,484f_2026-07.pdf#r0188;484f_2026-07.pdf#r0191,NA
3004909217,3004909219,2026-07-01,rename,FALSE,NA,NA,HTS,TRUE,484f_2026-07.pdf,6cb6a677eaaecd228216cc399afc2d1cf539a17a71366ae31dab7c02759b7510,42,484f_2026-07.pdf#s0322,NA
3004909218,3004909220,2026-07-01,rename,FALSE,NA,NA,HTS,TRUE,484f_2026-07.pdf,6cb6a677eaaecd228216cc399afc2d1cf539a17a71366ae31dab7c02759b7510,42,484f_2026-07.pdf#s0323,NA
3004909219,3004909221,2026-07-01,rename,FALSE,NA,NA,HTS,FALSE,484f_2026-07.pdf,6cb6a677eaaecd228216cc399afc2d1cf539a17a71366ae31dab7c02759b7510,42,484f_2026-07.pdf#s0324,NA
3004909220,3004909222,2026-07-01,rename,FALSE,NA,NA,HTS,TRUE,484f_2026-07.pdf,6cb6a677eaaecd228216cc399afc2d1cf539a17a71366ae31dab7c02759b7510,42,484f_2026-07.pdf#s0325,NA
3004909222,3004909223,2026-07-01,rename,FALSE,NA,NA,HTS,TRUE,484f_2026-07.pdf,6cb6a677eaaecd228216cc399afc2d1cf539a17a71366ae31dab7c02759b7510,42,484f_2026-07.pdf#s0326,NA
3004909223,3004909224,2026-07-01,rename,FALSE,NA,NA,HTS,TRUE,484f_2026-07.pdf,6cb6a677eaaecd228216cc399afc2d1cf539a17a71366ae31dab7c02759b7510,42,484f_2026-07.pdf#s0327,NA
3004909224,3004909225,2026-07-01,rename,FALSE,NA,NA,HTS,TRUE,484f_2026-07.pdf,6cb6a677eaaecd228216cc399afc2d1cf539a17a71366ae31dab7c02759b7510,42,484f_2026-07.pdf#s0328,NA
3004909225,3004909226,2026-07-01,rename,FALSE,NA,NA,HTS,TRUE,484f_2026-07.pdf,6cb6a677eaaecd228216cc399afc2d1cf539a17a71366ae31dab7c02759b7510,42,484f_2026-07.pdf#s0329,NA
3004909226,3004909227,2026-07-01,rename,FALSE,NA,NA,HTS,TRUE,484f_2026-07.pdf,6cb6a677eaaecd228216cc399afc2d1cf539a17a71366ae31dab7c02759b7510,42,484f_2026-07.pdf#s0330,NA
3004909227,3004909228,2026-07-01,rename,FALSE,NA,NA,HTS,TRUE,484f_2026-07.pdf,6cb6a677eaaecd228216cc399afc2d1cf539a17a71366ae31dab7c02759b7510,42,484f_2026-07.pdf#s0331,NA
3004909228,3004909229,2026-07-01,rename,FALSE,NA,NA,HTS,TRUE,484f_2026-07.pdf,6cb6a677eaaecd228216cc399afc2d1cf539a17a71366ae31dab7c02759b7510,42,484f_2026-07.pdf#s0332,NA
3004909229,3004909230,2026-07-01,rename,FALSE,NA,NA,HTS,TRUE,484f_2026-07.pdf,6cb6a677eaaecd228216cc399afc2d1cf539a17a71366ae31dab7c02759b7510,42,484f_2026-07.pdf#s0333,NA
3004909230,3004909231,2026-07-01,rename,FALSE,NA,NA,HTS,FALSE,484f_2026-07.pdf,6cb6a677eaaecd228216cc399afc2d1cf539a17a71366ae31dab7c02759b7510,42,484f_2026-07.pdf#s0334,NA
3507907000,3507907010,2026-07-01,split,TRUE,Annotated,Established,HTS,FALSE,484f_2026-07.pdf,6cb6a677eaaecd228216cc399afc2d1cf539a17a71366ae31dab7c02759b7510,42,484f_2026-07.pdf#r0192;484f_2026-07.pdf#r0193,NA
3507907000,3507907080,2026-07-01,split,TRUE,Annotated,Established,HTS,FALSE,484f_2026-07.pdf,6cb6a677eaaecd228216cc399afc2d1cf539a17a71366ae31dab7c02759b7510,42,484f_2026-07.pdf#r0192;484f_2026-07.pdf#r0194,NA
3818000095,3818000040,2026-07-01,split,TRUE,Deleted,Established,HTS,FALSE,484f_2026-07.pdf,6cb6a677eaaecd228216cc399afc2d1cf539a17a71366ae31dab7c02759b7510,44,484f_2026-07.pdf#r0195;484f_2026-07.pdf#r0199,NA
3818000095,3818000045,2026-07-01,split,TRUE,Deleted,Established,HTS,FALSE,484f_2026-07.pdf,6cb6a677eaaecd228216cc399afc2d1cf539a17a71366ae31dab7c02759b7510,44,484f_2026-07.pdf#r0196;484f_2026-07.pdf#r0199,NA
3818000095,3818000050,2026-07-01,split,TRUE,Deleted,Established,HTS,FALSE,484f_2026-07.pdf,6cb6a677eaaecd228216cc399afc2d1cf539a17a71366ae31dab7c02759b7510,44,484f_2026-07.pdf#r0197;484f_2026-07.pdf#r0199,NA
3818000095,3818000091,2026-07-01,split,TRUE,Deleted,Established,HTS,FALSE,484f_2026-07.pdf,6cb6a677eaaecd228216cc399afc2d1cf539a17a71366ae31dab7c02759b7510,44,484f_2026-07.pdf#r0198;484f_2026-07.pdf#r0199,NA
3926909910,3926909915,2026-07-01,split,TRUE,Deleted,Established,HTS,FALSE,484f_2026-07.pdf,6cb6a677eaaecd228216cc399afc2d1cf539a17a71366ae31dab7c02759b7510,44,484f_2026-07.pdf#r0200;484f_2026-07.pdf#r0201,NA
3926909910,3926909920,2026-07-01,split,TRUE,Deleted,Established,HTS,FALSE,484f_2026-07.pdf,6cb6a677eaaecd228216cc399afc2d1cf539a17a71366ae31dab7c02759b7510,44,484f_2026-07.pdf#r0200;484f_2026-07.pdf#r0202,NA
7113192900,7113192910,2026-07-01,split,TRUE,Annotated,Established,HTS,FALSE,484f_2026-07.pdf,6cb6a677eaaecd228216cc399afc2d1cf539a17a71366ae31dab7c02759b7510,46,484f_2026-07.pdf#r0206;484f_2026-07.pdf#r0207,NA
7113192900,7113192990,2026-07-01,split,TRUE,Annotated,Established,HTS,FALSE,484f_2026-07.pdf,6cb6a677eaaecd228216cc399afc2d1cf539a17a71366ae31dab7c02759b7510,46,484f_2026-07.pdf#r0206;484f_2026-07.pdf#r0208,NA
7202300000,7202300060,2026-07-01,split,TRUE,Annotated,Established,HTS,FALSE,484f_2026-07.pdf,6cb6a677eaaecd228216cc399afc2d1cf539a17a71366ae31dab7c02759b7510,46,484f_2026-07.pdf#r0209;484f_2026-07.pdf#r0210,NA
7202300000,7202300090,2026-07-01,split,TRUE,Annotated,Established,HTS,FALSE,484f_2026-07.pdf,6cb6a677eaaecd228216cc399afc2d1cf539a17a71366ae31dab7c02759b7510,46,484f_2026-07.pdf#r0209;484f_2026-07.pdf#r0211,NA
8307106000,8307106010,2026-07-01,split,TRUE,Annotated,Established,HTS,FALSE,484f_2026-07.pdf,6cb6a677eaaecd228216cc399afc2d1cf539a17a71366ae31dab7c02759b7510,49,484f_2026-07.pdf#r0212;484f_2026-07.pdf#r0213,NA
8307106000,8307106060,2026-07-01,split,TRUE,Annotated,Established,HTS,FALSE,484f_2026-07.pdf,6cb6a677eaaecd228216cc399afc2d1cf539a17a71366ae31dab7c02759b7510,49,484f_2026-07.pdf#r0212;484f_2026-07.pdf#r0214,NA
8413919010,8413919015,2026-07-01,split,TRUE,Deleted,Established,HTS,FALSE,484f_2026-07.pdf,6cb6a677eaaecd228216cc399afc2d1cf539a17a71366ae31dab7c02759b7510,52,484f_2026-07.pdf#r0222;484f_2026-07.pdf#r0223,NA
8413919010,8413919041,2026-07-01,split,TRUE,Deleted,Established,HTS,FALSE,484f_2026-07.pdf,6cb6a677eaaecd228216cc399afc2d1cf539a17a71366ae31dab7c02759b7510,52,484f_2026-07.pdf#r0222;484f_2026-07.pdf#r0228,NA
8413919055,8413919020,2026-07-01,split,TRUE,Deleted,Established,HTS,FALSE,484f_2026-07.pdf,6cb6a677eaaecd228216cc399afc2d1cf539a17a71366ae31dab7c02759b7510,52,484f_2026-07.pdf#r0224;484f_2026-07.pdf#r0231,NA
8413919055,8413919044,2026-07-01,many_to_many,TRUE,Deleted,Established,HTS,FALSE,484f_2026-07.pdf,6cb6a677eaaecd228216cc399afc2d1cf539a17a71366ae31dab7c02759b7510,52,484f_2026-07.pdf#r0229;484f_2026-07.pdf#r0231,NA
8413919060,8413919029,2026-07-01,split,TRUE,Deleted,Established,HTS,FALSE,484f_2026-07.pdf,6cb6a677eaaecd228216cc399afc2d1cf539a17a71366ae31dab7c02759b7510,52,484f_2026-07.pdf#r0225;484f_2026-07.pdf#r0233,NA
8413919060,8413919044,2026-07-01,many_to_many,TRUE,Deleted,Established,HTS,FALSE,484f_2026-07.pdf,6cb6a677eaaecd228216cc399afc2d1cf539a17a71366ae31dab7c02759b7510,52,484f_2026-07.pdf#r0229;484f_2026-07.pdf#r0233,NA
8413919065,8413919031,2026-07-01,split,TRUE,Deleted,Established,HTS,FALSE,484f_2026-07.pdf,6cb6a677eaaecd228216cc399afc2d1cf539a17a71366ae31dab7c02759b7510,52,484f_2026-07.pdf#r0226;484f_2026-07.pdf#r0234,NA
8413919065,8413919046,2026-07-01,many_to_many,TRUE,Deleted,Established,HTS,FALSE,484f_2026-07.pdf,6cb6a677eaaecd228216cc399afc2d1cf539a17a71366ae31dab7c02759b7510,52,484f_2026-07.pdf#r0230;484f_2026-07.pdf#r0234,NA
8413919085,8413919039,2026-07-01,split,TRUE,Deleted,Established,HTS,FALSE,484f_2026-07.pdf,6cb6a677eaaecd228216cc399afc2d1cf539a17a71366ae31dab7c02759b7510,52,484f_2026-07.pdf#r0227;484f_2026-07.pdf#r0235,NA
8413919085,8413919046,2026-07-01,many_to_many,TRUE,Deleted,Established,HTS,FALSE,484f_2026-07.pdf,6cb6a677eaaecd228216cc399afc2d1cf539a17a71366ae31dab7c02759b7510,52,484f_2026-07.pdf#r0230;484f_2026-07.pdf#r0235,NA
8413919096,8413919059,2026-07-01,split,TRUE,Deleted,Established,HTS,FALSE,484f_2026-07.pdf,6cb6a677eaaecd228216cc399afc2d1cf539a17a71366ae31dab7c02759b7510,52,484f_2026-07.pdf#r0232;484f_2026-07.pdf#r0236,NA
8413919096,8413919099,2026-07-01,split,TRUE,Deleted,Established,HTS,FALSE,484f_2026-07.pdf,6cb6a677eaaecd228216cc399afc2d1cf539a17a71366ae31dab7c02759b7510,52,484f_2026-07.pdf#r0236;484f_2026-07.pdf#r0237,NA
8419400040,8419400010,2026-07-01,many_to_many,TRUE,Deleted,Established,HTS,FALSE,484f_2026-07.pdf,6cb6a677eaaecd228216cc399afc2d1cf539a17a71366ae31dab7c02759b7510,53,484f_2026-07.pdf#r0238;484f_2026-07.pdf#r0239,NA
8419400040,8419400090,2026-07-01,many_to_many,TRUE,Deleted,Established,HTS,FALSE,484f_2026-07.pdf,6cb6a677eaaecd228216cc399afc2d1cf539a17a71366ae31dab7c02759b7510,53,484f_2026-07.pdf#r0239;484f_2026-07.pdf#r0241,NA
8419400080,8419400010,2026-07-01,many_to_many,TRUE,Deleted,Established,HTS,FALSE,484f_2026-07.pdf,6cb6a677eaaecd228216cc399afc2d1cf539a17a71366ae31dab7c02759b7510,53,484f_2026-07.pdf#r0238;484f_2026-07.pdf#r0240,NA
8419400080,8419400090,2026-07-01,many_to_many,TRUE,Deleted,Established,HTS,FALSE,484f_2026-07.pdf,6cb6a677eaaecd228216cc399afc2d1cf539a17a71366ae31dab7c02759b7510,53,484f_2026-07.pdf#r0240;484f_2026-07.pdf#r0241,NA
8419899560,8419899510,2026-07-01,many_to_many,TRUE,Deleted,Established,HTS,FALSE,484f_2026-07.pdf,6cb6a677eaaecd228216cc399afc2d1cf539a17a71366ae31dab7c02759b7510,55,484f_2026-07.pdf#r0246;484f_2026-07.pdf#r0248,NA
8419899560,8419899550,2026-07-01,split,TRUE,Deleted,Established,HTS,FALSE,484f_2026-07.pdf,6cb6a677eaaecd228216cc399afc2d1cf539a17a71366ae31dab7c02759b7510,55,484f_2026-07.pdf#r0247;484f_2026-07.pdf#r0248,NA
8419899580,8419899510,2026-07-01,many_to_many,TRUE,Deleted,Established,HTS,FALSE,484f_2026-07.pdf,6cb6a677eaaecd228216cc399afc2d1cf539a17a71366ae31dab7c02759b7510,55,484f_2026-07.pdf#r0246;484f_2026-07.pdf#r0250,NA
8419899580,8419899570,2026-07-01,split,TRUE,Deleted,Established,HTS,FALSE,484f_2026-07.pdf,6cb6a677eaaecd228216cc399afc2d1cf539a17a71366ae31dab7c02759b7510,55,484f_2026-07.pdf#r0249;484f_2026-07.pdf#r0250,NA
8419899585,8419899510,2026-07-01,many_to_many,TRUE,Deleted,Established,HTS,FALSE,484f_2026-07.pdf,6cb6a677eaaecd228216cc399afc2d1cf539a17a71366ae31dab7c02759b7510,55,484f_2026-07.pdf#r0246;484f_2026-07.pdf#r0251,NA
8419899585,8419899590,2026-07-01,split,TRUE,Deleted,Established,HTS,FALSE,484f_2026-07.pdf,6cb6a677eaaecd228216cc399afc2d1cf539a17a71366ae31dab7c02759b7510,55,484f_2026-07.pdf#r0251;484f_2026-07.pdf#r0252,NA
8424309000,8424309010,2026-07-01,split,TRUE,Annotated,Established,HTS,FALSE,484f_2026-07.pdf,6cb6a677eaaecd228216cc399afc2d1cf539a17a71366ae31dab7c02759b7510,57,484f_2026-07.pdf#r0260;484f_2026-07.pdf#r0261,NA
8424309000,8424309090,2026-07-01,split,TRUE,Annotated,Established,HTS,FALSE,484f_2026-07.pdf,6cb6a677eaaecd228216cc399afc2d1cf539a17a71366ae31dab7c02759b7510,57,484f_2026-07.pdf#r0260;484f_2026-07.pdf#r0262,NA
8424909040,8424909010,2026-07-01,split,TRUE,Deleted,Established,HTS,FALSE,484f_2026-07.pdf,6cb6a677eaaecd228216cc399afc2d1cf539a17a71366ae31dab7c02759b7510,57,484f_2026-07.pdf#r0263;484f_2026-07.pdf#r0265,NA
8424909040,8424909020,2026-07-01,split,TRUE,Deleted,Established,HTS,FALSE,484f_2026-07.pdf,6cb6a677eaaecd228216cc399afc2d1cf539a17a71366ae31dab7c02759b7510,57,484f_2026-07.pdf#r0264;484f_2026-07.pdf#r0265,NA
8427104000,8427104010,2026-07-01,split,TRUE,Annotated,Established,HTS,FALSE,484f_2026-07.pdf,6cb6a677eaaecd228216cc399afc2d1cf539a17a71366ae31dab7c02759b7510,58,484f_2026-07.pdf#r0266;484f_2026-07.pdf#r0267,NA
8427104000,8427104090,2026-07-01,split,TRUE,Annotated,Established,HTS,FALSE,484f_2026-07.pdf,6cb6a677eaaecd228216cc399afc2d1cf539a17a71366ae31dab7c02759b7510,58,484f_2026-07.pdf#r0266;484f_2026-07.pdf#r0268,NA
8479899599,8479899510,2026-07-01,split,TRUE,Deleted,Established,HTS,FALSE,484f_2026-07.pdf,6cb6a677eaaecd228216cc399afc2d1cf539a17a71366ae31dab7c02759b7510,61,484f_2026-07.pdf#r0272;484f_2026-07.pdf#r0274,NA
8479899599,8479899597,2026-07-01,split,TRUE,Deleted,Established,HTS,FALSE,484f_2026-07.pdf,6cb6a677eaaecd228216cc399afc2d1cf539a17a71366ae31dab7c02759b7510,61,484f_2026-07.pdf#r0273;484f_2026-07.pdf#r0274,NA
8479909596,8479909510,2026-07-01,split,TRUE,Deleted,Established,HTS,FALSE,484f_2026-07.pdf,6cb6a677eaaecd228216cc399afc2d1cf539a17a71366ae31dab7c02759b7510,61,484f_2026-07.pdf#r0275;484f_2026-07.pdf#r0277,NA
8479909596,8479909591,2026-07-01,split,TRUE,Deleted,Established,HTS,FALSE,484f_2026-07.pdf,6cb6a677eaaecd228216cc399afc2d1cf539a17a71366ae31dab7c02759b7510,61,484f_2026-07.pdf#r0276;484f_2026-07.pdf#r0277,NA
8483308070,8483308071,2026-07-01,split,TRUE,Deleted,Established,HTS,FALSE,484f_2026-07.pdf,6cb6a677eaaecd228216cc399afc2d1cf539a17a71366ae31dab7c02759b7510,62,484f_2026-07.pdf#r0278;484f_2026-07.pdf#r0279,NA
8483308070,8483308079,2026-07-01,split,TRUE,Deleted,Established,HTS,FALSE,484f_2026-07.pdf,6cb6a677eaaecd228216cc399afc2d1cf539a17a71366ae31dab7c02759b7510,62,484f_2026-07.pdf#r0278;484f_2026-07.pdf#r0280,NA
8483308090,8483308081,2026-07-01,split,TRUE,Deleted,Established,HTS,FALSE,484f_2026-07.pdf,6cb6a677eaaecd228216cc399afc2d1cf539a17a71366ae31dab7c02759b7510,62,484f_2026-07.pdf#r0281;484f_2026-07.pdf#r0283,NA
8483308090,8483308089,2026-07-01,split,TRUE,Deleted,Established,HTS,FALSE,484f_2026-07.pdf,6cb6a677eaaecd228216cc399afc2d1cf539a17a71366ae31dab7c02759b7510,62,484f_2026-07.pdf#r0282;484f_2026-07.pdf#r0283,NA
8504409570,8504409571,2026-07-01,split,TRUE,Deleted,Established,HTS,FALSE,484f_2026-07.pdf,6cb6a677eaaecd228216cc399afc2d1cf539a17a71366ae31dab7c02759b7510,63,484f_2026-07.pdf#r0284;484f_2026-07.pdf#r0285,NA
8504409570,8504409573,2026-07-01,split,TRUE,Deleted,Established,HTS,FALSE,484f_2026-07.pdf,6cb6a677eaaecd228216cc399afc2d1cf539a17a71366ae31dab7c02759b7510,63,484f_2026-07.pdf#r0284;484f_2026-07.pdf#r0286,NA
8504409570,8504409575,2026-07-01,split,TRUE,Deleted,Established,HTS,FALSE,484f_2026-07.pdf,6cb6a677eaaecd228216cc399afc2d1cf539a17a71366ae31dab7c02759b7510,63,484f_2026-07.pdf#r0284;484f_2026-07.pdf#r0287,NA
8504409570,8504409577,2026-07-01,split,TRUE,Deleted,Established,HTS,FALSE,484f_2026-07.pdf,6cb6a677eaaecd228216cc399afc2d1cf539a17a71366ae31dab7c02759b7510,63,484f_2026-07.pdf#r0284;484f_2026-07.pdf#r0288,NA
8504409570,8504409578,2026-07-01,split,TRUE,Deleted,Established,HTS,FALSE,484f_2026-07.pdf,6cb6a677eaaecd228216cc399afc2d1cf539a17a71366ae31dab7c02759b7510,63,484f_2026-07.pdf#r0284;484f_2026-07.pdf#r0289,NA
8504409570,8504409579,2026-07-01,split,TRUE,Deleted,Established,HTS,FALSE,484f_2026-07.pdf,6cb6a677eaaecd228216cc399afc2d1cf539a17a71366ae31dab7c02759b7510,63,484f_2026-07.pdf#r0284;484f_2026-07.pdf#r0290,NA
8504900020,8504900030,2026-07-01,split,TRUE,Deleted,Established,HTS,FALSE,484f_2026-07.pdf,6cb6a677eaaecd228216cc399afc2d1cf539a17a71366ae31dab7c02759b7510,64,484f_2026-07.pdf#r0291;484f_2026-07.pdf#r0292,NA
8504900020,8504900040,2026-07-01,split,TRUE,Deleted,Established,HTS,FALSE,484f_2026-07.pdf,6cb6a677eaaecd228216cc399afc2d1cf539a17a71366ae31dab7c02759b7510,64,484f_2026-07.pdf#r0291;484f_2026-07.pdf#r0293,NA
8504900020,8504900050,2026-07-01,split,TRUE,Deleted,Established,HTS,FALSE,484f_2026-07.pdf,6cb6a677eaaecd228216cc399afc2d1cf539a17a71366ae31dab7c02759b7510,64,484f_2026-07.pdf#r0291;484f_2026-07.pdf#r0294,NA
8504900020,8504900060,2026-07-01,split,TRUE,Deleted,Established,HTS,FALSE,484f_2026-07.pdf,6cb6a677eaaecd228216cc399afc2d1cf539a17a71366ae31dab7c02759b7510,64,484f_2026-07.pdf#r0291;484f_2026-07.pdf#r0295,NA
8507208010,8507208092,2026-07-01,merge,TRUE,Deleted,Established,HTS,FALSE,484f_2026-07.pdf,6cb6a677eaaecd228216cc399afc2d1cf539a17a71366ae31dab7c02759b7510,66,484f_2026-07.pdf#r0296;484f_2026-07.pdf#r0301,NA
8507208031,NA,2026-07-01,no_successor,FALSE,Deleted,NA,HTS,FALSE,484f_2026-07.pdf,6cb6a677eaaecd228216cc399afc2d1cf539a17a71366ae31dab7c02759b7510,66,484f_2026-07.pdf#r0297,NA
8507208041,NA,2026-07-01,no_successor,FALSE,Deleted,NA,HTS,FALSE,484f_2026-07.pdf,6cb6a677eaaecd228216cc399afc2d1cf539a17a71366ae31dab7c02759b7510,66,484f_2026-07.pdf#r0298,NA
8507208061,NA,2026-07-01,no_successor,FALSE,Deleted,NA,HTS,FALSE,484f_2026-07.pdf,6cb6a677eaaecd228216cc399afc2d1cf539a17a71366ae31dab7c02759b7510,66,484f_2026-07.pdf#r0299,NA
8507208091,8507208092,2026-07-01,merge,TRUE,Deleted,Established,HTS,FALSE,484f_2026-07.pdf,6cb6a677eaaecd228216cc399afc2d1cf539a17a71366ae31dab7c02759b7510,66,484f_2026-07.pdf#r0300;484f_2026-07.pdf#r0301,NA
8543309080,8543309010,2026-07-01,split,TRUE,Deleted,Established,HTS,FALSE,484f_2026-07.pdf,6cb6a677eaaecd228216cc399afc2d1cf539a17a71366ae31dab7c02759b7510,67,484f_2026-07.pdf#r0302;484f_2026-07.pdf#r0303,NA
8543309080,8543309090,2026-07-01,split,TRUE,Deleted,Established,HTS,FALSE,484f_2026-07.pdf,6cb6a677eaaecd228216cc399afc2d1cf539a17a71366ae31dab7c02759b7510,67,484f_2026-07.pdf#r0303;484f_2026-07.pdf#r0304,NA
8707100040,8707100030,2026-07-01,split,TRUE,Deleted,Established,HTS,FALSE,484f_2026-07.pdf,6cb6a677eaaecd228216cc399afc2d1cf539a17a71366ae31dab7c02759b7510,69,484f_2026-07.pdf#r0308;484f_2026-07.pdf#r0309,NA
8707100040,8707100090,2026-07-01,split,TRUE,Deleted,Established,HTS,FALSE,484f_2026-07.pdf,6cb6a677eaaecd228216cc399afc2d1cf539a17a71366ae31dab7c02759b7510,69,484f_2026-07.pdf#r0309;484f_2026-07.pdf#r0310,NA
8708295160,8708295150,2026-07-01,split,TRUE,Deleted,Established,HTS,FALSE,484f_2026-07.pdf,6cb6a677eaaecd228216cc399afc2d1cf539a17a71366ae31dab7c02759b7510,69,484f_2026-07.pdf#r0311;484f_2026-07.pdf#r0312,NA
8708295160,8708295190,2026-07-01,split,TRUE,Deleted,Established,HTS,FALSE,484f_2026-07.pdf,6cb6a677eaaecd228216cc399afc2d1cf539a17a71366ae31dab7c02759b7510,69,484f_2026-07.pdf#r0312;484f_2026-07.pdf#r0313,NA
8708801600,8708801610,2026-07-01,split,TRUE,Annotated,Established,HTS,FALSE,484f_2026-07.pdf,6cb6a677eaaecd228216cc399afc2d1cf539a17a71366ae31dab7c02759b7510,70,484f_2026-07.pdf#r0314;484f_2026-07.pdf#r0315,NA
8708801600,8708801690,2026-07-01,split,TRUE,Annotated,Established,HTS,FALSE,484f_2026-07.pdf,6cb6a677eaaecd228216cc399afc2d1cf539a17a71366ae31dab7c02759b7510,70,484f_2026-07.pdf#r0314;484f_2026-07.pdf#r0316,NA
9404100000,9404100020,2026-07-01,split,TRUE,Annotated,Established,HTS,FALSE,484f_2026-07.pdf,6cb6a677eaaecd228216cc399afc2d1cf539a17a71366ae31dab7c02759b7510,71,484f_2026-07.pdf#r0317;484f_2026-07.pdf#r0318,NA
9404100000,9404100050,2026-07-01,split,TRUE,Annotated,Established,HTS,FALSE,484f_2026-07.pdf,6cb6a677eaaecd228216cc399afc2d1cf539a17a71366ae31dab7c02759b7510,71,484f_2026-07.pdf#r0317;484f_2026-07.pdf#r0319,NA
3004909270,3004909267,NA,rename,TRUE,NA,Established,HTS,FALSE,484f_2026-01.pdf,6c15b74b65a692c53a3e8072051c8fc0991ff72e16850f059f571cc07c099968,38,484f_2026-01.pdf#r0187,NA
