countries,hts_code,condition
2050,01061991,full
2050,06012090,full
2050,06029020,full
2050,06029030,full
2050,06029060,full
2050,06031100,full
2050,06031270,full
2050,06031300,full
2050,06031500,full
2050,06031901,full
2050,06039000,full
2050,06042000,full
2050,06049030,full
2050,06049060,full
2050,12071000,full
2050,12119060,full
2050,12119089,full
2050,12122100,full
2050,13019091,full
2050,13021991,full
2050,14049030,full
2050,14049040,full
2050,15111000,full
2050,15119000,full
2050,15132100,full
2050,15159021,full
2050,21013000,full
2050,33011951,full
2050,33012910,full
2050,33013000,full
2050,38231920,full
2050,38237040,full
2050,44034100,full
2050,44092205,full
2050,44092210,full
2050,44092225,full
2050,44092240,full
2050,44092250,full
2050,44092260,full
2050,44092265,full
2050,44092290,full
2050,44123106,full
2050,44123126,full
2050,44123142,full
2050,44123145,full
2050,44123148,full
2050,44123152,full
2050,44123161,full
2050,44123192,full
2050,44124100,full
2050,44125110,full
2050,44125131,full
2050,44125141,full
2050,44125151,full
2050,44129106,full
2050,44129110,full
2050,44129131,full
2050,44129141,full
2050,44129151,full
2050,45011000,full
2050,45019020,full
2050,45019040,full
2050,45020000,full
2050,45031020,full
2050,45031030,full
2050,45031040,full
2050,45031060,full
2050,45039020,full
2050,45039040,full
2050,45039060,full
2050,45041010,full
2050,45041020,full
2050,45041030,full
2050,45041040,full
2050,45041045,full
2050,45041047,full
2050,45041050,full
2050,45049000,full
2050,46012240,full
2050,46012280,full
2050,46012290,full
2050,46012940,full
2050,46019301,full
2050,46019305,full
2050,46019320,full
2050,46021205,full
2050,46021214,full
2050,46021216,full
2050,46021223,full
2050,46021225,full
2050,46021235,full
2050,46021245,full
2050,50040000,full
2050,50050000,full
2050,50060010,full
2050,50060090,full
2050,50071030,full
2050,50071060,full
2050,50072000,full
2050,50079030,full
2050,71011030,full
2050,71011060,full
2050,71021000,full
2050,71023100,full
2050,71023900,full
2050,71031020,full
2050,71031040,full
2050,71039100,full
2050,71039910,full
2050,71039950,full
2050,72051000,full
2050,81129207,full
2050;2110;2150;2230;2470;4890;5110,42021100,fta
2050;2110;2150;2230;2470;4890;5110,42021221,fta
2050;2110;2150;2230;2470;4890;5110,42021229,fta
2050;2110;2150;2230;2470;4890;5110,42021240,fta
2050;2110;2150;2230;2470;4890;5110,42021260,fta
2050;2110;2150;2230;2470;4890;5110,42021281,fta
2050;2110;2150;2230;2470;4890;5110,42021289,fta
2050;2110;2150;2230;2470;4890;5110,42021900,fta
2050;2110;2150;2230;2470;4890;5110,42022130,fta
2050;2110;2150;2230;2470;4890;5110,42022160,fta
2050;2110;2150;2230;2470;4890;5110,42022190,fta
2050;2110;2150;2230;2470;4890;5110,42022215,fta
2050;2110;2150;2230;2470;4890;5110,42022235,fta
2050;2110;2150;2230;2470;4890;5110,42022240,fta
2050;2110;2150;2230;2470;4890;5110,42022245,fta
2050;2110;2150;2230;2470;4890;5110,42022260,fta
2050;2110;2150;2230;2470;4890;5110,42022270,fta
2050;2110;2150;2230;2470;4890;5110,42022281,fta
2050;2110;2150;2230;2470;4890;5110,42022289,fta
2050;2110;2150;2230;2470;4890;5110,42022910,fta
2050;2110;2150;2230;2470;4890;5110,42022920,fta
2050;2110;2150;2230;2470;4890;5110,42022950,fta
2050;2110;2150;2230;2470;4890;5110,42022990,fta
2050;2110;2150;2230;2470;4890;5110,42023130,fta
2050;2110;2150;2230;2470;4890;5110,42023160,fta
2050;2110;2150;2230;2470;4890;5110,42023210,fta
2050;2110;2150;2230;2470;4890;5110,42023220,fta
2050;2110;2150;2230;2470;4890;5110,42023240,fta
2050;2110;2150;2230;2470;4890;5110,42023280,fta
2050;2110;2150;2230;2470;4890;5110,42023285,fta
2050;2110;2150;2230;2470;4890;5110,42023291,fta
2050;2110;2150;2230;2470;4890;5110,42023293,fta
2050;2110;2150;2230;2470;4890;5110,42023299,fta
2050;2110;2150;2230;2470;4890;5110,42023910,fta
2050;2110;2150;2230;2470;4890;5110,42023920,fta
2050;2110;2150;2230;2470;4890;5110,42023950,fta
2050;2110;2150;2230;2470;4890;5110,42023990,fta
2050;2110;2150;2230;2470;4890;5110,42029110,fta
2050;2110;2150;2230;2470;4890;5110,42029190,fta
2050;2110;2150;2230;2470;4890;5110,42029204,fta
2050;2110;2150;2230;2470;4890;5110,42029208,fta
2050;2110;2150;2230;2470;4890;5110,42029210,fta
2050;2110;2150;2230;2470;4890;5110,42029215,fta
2050;2110;2150;2230;2470;4890;5110,42029220,fta
2050;2110;2150;2230;2470;4890;5110,42029231,fta
2050;2110;2150;2230;2470;4890;5110,42029233,fta
2050;2110;2150;2230;2470;4890;5110,42029239,fta
2050;2110;2150;2230;2470;4890;5110,42029245,fta
2050;2110;2150;2230;2470;4890;5110,42029250,fta
2050;2110;2150;2230;2470;4890;5110,42029260,fta
2050;2110;2150;2230;2470;4890;5110,42029291,fta
2050;2110;2150;2230;2470;4890;5110,42029293,fta
2050;2110;2150;2230;2470;4890;5110,42029294,fta
2050;2110;2150;2230;2470;4890;5110,42029297,fta
2050;2110;2150;2230;2470;4890;5110,42029910,fta
2050;2110;2150;2230;2470;4890;5110,42029920,fta
2050;2110;2150;2230;2470;4890;5110,42029930,fta
2050;2110;2150;2230;2470;4890;5110,42029950,fta
2050;2110;2150;2230;2470;4890;5110,42029990,fta
2050;2110;2150;2230;2470;4890;5110,50079060,fta
2050;2110;2150;2230;2470;4890;5110,51040000,fta
2050;2110;2150;2230;2470;4890;5110,51051000,fta
2050;2110;2150;2230;2470;4890;5110,51052100,fta
2050;2110;2150;2230;2470;4890;5110,51052900,fta
2050;2110;2150;2230;2470;4890;5110,51053100,fta
2050;2110;2150;2230;2470;4890;5110,51053900,fta
2050;2110;2150;2230;2470;4890;5110,51054000,fta
2050;2110;2150;2230;2470;4890;5110,51061000,fta
2050;2110;2150;2230;2470;4890;5110,51062000,fta
2050;2110;2150;2230;2470;4890;5110,51071030,fta
2050;2110;2150;2230;2470;4890;5110,51071060,fta
2050;2110;2150;2230;2470;4890;5110,51072030,fta
2050;2110;2150;2230;2470;4890;5110,51072060,fta
2050;2110;2150;2230;2470;4890;5110,51081030,fta
2050;2110;2150;2230;2470;4890;5110,51081040,fta
2050;2110;2150;2230;2470;4890;5110,51081080,fta
2050;2110;2150;2230;2470;4890;5110,51082030,fta
2050;2110;2150;2230;2470;4890;5110,51082040,fta
2050;2110;2150;2230;2470;4890;5110,51082080,fta
2050;2110;2150;2230;2470;4890;5110,51091020,fta
2050;2110;2150;2230;2470;4890;5110,51091040,fta
2050;2110;2150;2230;2470;4890;5110,51091080,fta
2050;2110;2150;2230;2470;4890;5110,51091090,fta
2050;2110;2150;2230;2470;4890;5110,51099020,fta
2050;2110;2150;2230;2470;4890;5110,51099040,fta
2050;2110;2150;2230;2470;4890;5110,51099080,fta
2050;2110;2150;2230;2470;4890;5110,51099090,fta
2050;2110;2150;2230;2470;4890;5110,51100000,fta
2050;2110;2150;2230;2470;4890;5110,51111120,fta
2050;2110;2150;2230;2470;4890;5110,51111130,fta
2050;2110;2150;2230;2470;4890;5110,51111170,fta
2050;2110;2150;2230;2470;4890;5110,51111910,fta
2050;2110;2150;2230;2470;4890;5110,51111920,fta
2050;2110;2150;2230;2470;4890;5110,51111960,fta
2050;2110;2150;2230;2470;4890;5110,51112005,fta
2050;2110;2150;2230;2470;4890;5110,51112010,fta
2050;2110;2150;2230;2470;4890;5110,51112090,fta
2050;2110;2150;2230;2470;4890;5110,51113005,fta
2050;2110;2150;2230;2470;4890;5110,51113010,fta
2050;2110;2150;2230;2470;4890;5110,51113090,fta
2050;2110;2150;2230;2470;4890;5110,51119030,fta
2050;2110;2150;2230;2470;4890;5110,51119040,fta
2050;2110;2150;2230;2470;4890;5110,51119050,fta
2050;2110;2150;2230;2470;4890;5110,51119090,fta
2050;2110;2150;2230;2470;4890;5110,51121110,fta
2050;2110;2150;2230;2470;4890;5110,51121130,fta
2050;2110;2150;2230;2470;4890;5110,51121160,fta
2050;2110;2150;2230;2470;4890;5110,51121920,fta
2050;2110;2150;2230;2470;4890;5110,51121960,fta
2050;2110;2150;2230;2470;4890;5110,51121995,fta
2050;2110;2150;2230;2470;4890;5110,51122010,fta
2050;2110;2150;2230;2470;4890;5110,51122020,fta
2050;2110;2150;2230;2470;4890;5110,51122030,fta
2050;2110;2150;2230;2470;4890;5110,51123010,fta
2050;2110;2150;2230;2470;4890;5110,51123020,fta
2050;2110;2150;2230;2470;4890;5110,51123030,fta
2050;2110;2150;2230;2470;4890;5110,51129030,fta
2050;2110;2150;2230;2470;4890;5110,51129040,fta
2050;2110;2150;2230;2470;4890;5110,51129050,fta
2050;2110;2150;2230;2470;4890;5110,51129090,fta
2050;2110;2150;2230;2470;4890;5110,51130000,fta
2050;2110;2150;2230;2470;4890;5110,52030005,fta
2050;2110;2150;2230;2470;4890;5110,52030010,fta
2050;2110;2150;2230;2470;4890;5110,52030030,fta
2050;2110;2150;2230;2470;4890;5110,52030050,fta
2050;2110;2150;2230;2470;4890;5110,52041100,fta
2050;2110;2150;2230;2470;4890;5110,52041900,fta
2050;2110;2150;2230;2470;4890;5110,52042000,fta
2050;2110;2150;2230;2470;4890;5110,52051110,fta
2050;2110;2150;2230;2470;4890;5110,52051120,fta
2050;2110;2150;2230;2470;4890;5110,52051210,fta
2050;2110;2150;2230;2470;4890;5110,52051220,fta
2050;2110;2150;2230;2470;4890;5110,52051310,fta
2050;2110;2150;2230;2470;4890;5110,52051320,fta
2050;2110;2150;2230;2470;4890;5110,52051410,fta
2050;2110;2150;2230;2470;4890;5110,52051420,fta
2050;2110;2150;2230;2470;4890;5110,52051510,fta
2050;2110;2150;2230;2470;4890;5110,52051520,fta
2050;2110;2150;2230;2470;4890;5110,52052100,fta
2050;2110;2150;2230;2470;4890;5110,52052200,fta
2050;2110;2150;2230;2470;4890;5110,52052300,fta
2050;2110;2150;2230;2470;4890;5110,52052400,fta
2050;2110;2150;2230;2470;4890;5110,52052600,fta
2050;2110;2150;2230;2470;4890;5110,52052700,fta
2050;2110;2150;2230;2470;4890;5110,52052800,fta
2050;2110;2150;2230;2470;4890;5110,52053100,fta
2050;2110;2150;2230;2470;4890;5110,52053200,fta
2050;2110;2150;2230;2470;4890;5110,52053300,fta
2050;2110;2150;2230;2470;4890;5110,52053400,fta
2050;2110;2150;2230;2470;4890;5110,52053500,fta
2050;2110;2150;2230;2470;4890;5110,52054100,fta
2050;2110;2150;2230;2470;4890;5110,52054200,fta
2050;2110;2150;2230;2470;4890;5110,52054300,fta
2050;2110;2150;2230;2470;4890;5110,52054400,fta
2050;2110;2150;2230;2470;4890;5110,52054600,fta
2050;2110;2150;2230;2470;4890;5110,52054700,fta
2050;2110;2150;2230;2470;4890;5110,52054800,fta
2050;2110;2150;2230;2470;4890;5110,52061100,fta
2050;2110;2150;2230;2470;4890;5110,52061200,fta
2050;2110;2150;2230;2470;4890;5110,52061300,fta
2050;2110;2150;2230;2470;4890;5110,52061400,fta
2050;2110;2150;2230;2470;4890;5110,52061500,fta
2050;2110;2150;2230;2470;4890;5110,52062100,fta
2050;2110;2150;2230;2470;4890;5110,52062200,fta
2050;2110;2150;2230;2470;4890;5110,52062300,fta
2050;2110;2150;2230;2470;4890;5110,52062400,fta
2050;2110;2150;2230;2470;4890;5110,52062500,fta
2050;2110;2150;2230;2470;4890;5110,52063100,fta
2050;2110;2150;2230;2470;4890;5110,52063200,fta
2050;2110;2150;2230;2470;4890;5110,52063300,fta
2050;2110;2150;2230;2470;4890;5110,52063400,fta
2050;2110;2150;2230;2470;4890;5110,52063500,fta
2050;2110;2150;2230;2470;4890;5110,52064100,fta
2050;2110;2150;2230;2470;4890;5110,52064200,fta
2050;2110;2150;2230;2470;4890;5110,52064300,fta
2050;2110;2150;2230;2470;4890;5110,52064400,fta
2050;2110;2150;2230;2470;4890;5110,52064500,fta
2050;2110;2150;2230;2470;4890;5110,52071000,fta
2050;2110;2150;2230;2470;4890;5110,52079000,fta
2050;2110;2150;2230;2470;4890;5110,52081120,fta
2050;2110;2150;2230;2470;4890;5110,52081140,fta
2050;2110;2150;2230;2470;4890;5110,52081160,fta
2050;2110;2150;2230;2470;4890;5110,52081180,fta
2050;2110;2150;2230;2470;4890;5110,52081240,fta
2050;2110;2150;2230;2470;4890;5110,52081260,fta
2050;2110;2150;2230;2470;4890;5110,52081280,fta
2050;2110;2150;2230;2470;4890;5110,52081300,fta
2050;2110;2150;2230;2470;4890;5110,52081920,fta
2050;2110;2150;2230;2470;4890;5110,52081940,fta
2050;2110;2150;2230;2470;4890;5110,52081960,fta
2050;2110;2150;2230;2470;4890;5110,52081980,fta
2050;2110;2150;2230;2470;4890;5110,52082120,fta
2050;2110;2150;2230;2470;4890;5110,52082140,fta
2050;2110;2150;2230;2470;4890;5110,52082160,fta
2050;2110;2150;2230;2470;4890;5110,52082240,fta
2050;2110;2150;2230;2470;4890;5110,52082260,fta
2050;2110;2150;2230;2470;4890;5110,52082280,fta
2050;2110;2150;2230;2470;4890;5110,52082300,fta
2050;2110;2150;2230;2470;4890;5110,52082920,fta
2050;2110;2150;2230;2470;4890;5110,52082940,fta
2050;2110;2150;2230;2470;4890;5110,52082960,fta
2050;2110;2150;2230;2470;4890;5110,52082980,fta
2050;2110;2150;2230;2470;4890;5110,52083120,fta
2050;2110;2150;2230;2470;4890;5110,52083140,fta
2050;2110;2150;2230;2470;4890;5110,52083160,fta
2050;2110;2150;2230;2470;4890;5110,52083180,fta
2050;2110;2150;2230;2470;4890;5110,52083210,fta
2050;2110;2150;2230;2470;4890;5110,52083230,fta
2050;2110;2150;2230;2470;4890;5110,52083240,fta
2050;2110;2150;2230;2470;4890;5110,52083250,fta
2050;2110;2150;2230;2470;4890;5110,52083300,fta
2050;2110;2150;2230;2470;4890;5110,52083920,fta
2050;2110;2150;2230;2470;4890;5110,52083940,fta
2050;2110;2150;2230;2470;4890;5110,52083960,fta
2050;2110;2150;2230;2470;4890;5110,52083980,fta
2050;2110;2150;2230;2470;4890;5110,52084120,fta
2050;2110;2150;2230;2470;4890;5110,52084140,fta
2050;2110;2150;2230;2470;4890;5110,52084160,fta
2050;2110;2150;2230;2470;4890;5110,52084180,fta
2050;2110;2150;2230;2470;4890;5110,52084210,fta
2050;2110;2150;2230;2470;4890;5110,52084230,fta
2050;2110;2150;2230;2470;4890;5110,52084240,fta
2050;2110;2150;2230;2470;4890;5110,52084250,fta
2050;2110;2150;2230;2470;4890;5110,52084300,fta
2050;2110;2150;2230;2470;4890;5110,52084920,fta
2050;2110;2150;2230;2470;4890;5110,52084940,fta
2050;2110;2150;2230;2470;4890;5110,52084960,fta
2050;2110;2150;2230;2470;4890;5110,52084980,fta
2050;2110;2150;2230;2470;4890;5110,52085120,fta
2050;2110;2150;2230;2470;4890;5110,52085140,fta
2050;2110;2150;2230;2470;4890;5110,52085160,fta
2050;2110;2150;2230;2470;4890;5110,52085180,fta
2050;2110;2150;2230;2470;4890;5110,52085210,fta
2050;2110;2150;2230;2470;4890;5110,52085230,fta
2050;2110;2150;2230;2470;4890;5110,52085240,fta
2050;2110;2150;2230;2470;4890;5110,52085250,fta
2050;2110;2150;2230;2470;4890;5110,52085910,fta
2050;2110;2150;2230;2470;4890;5110,52085920,fta
2050;2110;2150;2230;2470;4890;5110,52085940,fta
2050;2110;2150;2230;2470;4890;5110,52085960,fta
2050;2110;2150;2230;2470;4890;5110,52085980,fta
2050;2110;2150;2230;2470;4890;5110,52091100,fta
2050;2110;2150;2230;2470;4890;5110,52091200,fta
2050;2110;2150;2230;2470;4890;5110,52091900,fta
2050;2110;2150;2230;2470;4890;5110,52092100,fta
2050;2110;2150;2230;2470;4890;5110,52092200,fta
2050;2110;2150;2230;2470;4890;5110,52092900,fta
2050;2110;2150;2230;2470;4890;5110,52093130,fta
2050;2110;2150;2230;2470;4890;5110,52093160,fta
2050;2110;2150;2230;2470;4890;5110,52093200,fta
2050;2110;2150;2230;2470;4890;5110,52093900,fta
2050;2110;2150;2230;2470;4890;5110,52094130,fta
2050;2110;2150;2230;2470;4890;5110,52094160,fta
2050;2110;2150;2230;2470;4890;5110,52094200,fta
2050;2110;2150;2230;2470;4890;5110,52094300,fta
2050;2110;2150;2230;2470;4890;5110,52094900,fta
2050;2110;2150;2230;2470;4890;5110,52095130,fta
2050;2110;2150;2230;2470;4890;5110,52095160,fta
2050;2110;2150;2230;2470;4890;5110,52095200,fta
2050;2110;2150;2230;2470;4890;5110,52095900,fta
2050;2110;2150;2230;2470;4890;5110,52101140,fta
2050;2110;2150;2230;2470;4890;5110,52101160,fta
2050;2110;2150;2230;2470;4890;5110,52101180,fta
2050;2110;2150;2230;2470;4890;5110,52101910,fta
2050;2110;2150;2230;2470;4890;5110,52101920,fta
2050;2110;2150;2230;2470;4890;5110,52101940,fta
2050;2110;2150;2230;2470;4890;5110,52101960,fta
2050;2110;2150;2230;2470;4890;5110,52101980,fta
2050;2110;2150;2230;2470;4890;5110,52102140,fta
2050;2110;2150;2230;2470;4890;5110,52102160,fta
2050;2110;2150;2230;2470;4890;5110,52102180,fta
2050;2110;2150;2230;2470;4890;5110,52102910,fta
2050;2110;2150;2230;2470;4890;5110,52102920,fta
2050;2110;2150;2230;2470;4890;5110,52102940,fta
2050;2110;2150;2230;2470;4890;5110,52102960,fta
2050;2110;2150;2230;2470;4890;5110,52102980,fta
2050;2110;2150;2230;2470;4890;5110,52103140,fta
2050;2110;2150;2230;2470;4890;5110,52103160,fta
2050;2110;2150;2230;2470;4890;5110,52103180,fta
2050;2110;2150;2230;2470;4890;5110,52103200,fta
2050;2110;2150;2230;2470;4890;5110,52103920,fta
2050;2110;2150;2230;2470;4890;5110,52103940,fta
2050;2110;2150;2230;2470;4890;5110,52103960,fta
2050;2110;2150;2230;2470;4890;5110,52103980,fta
2050;2110;2150;2230;2470;4890;5110,52104140,fta
2050;2110;2150;2230;2470;4890;5110,52104160,fta
2050;2110;2150;2230;2470;4890;5110,52104180,fta
2050;2110;2150;2230;2470;4890;5110,52104910,fta
2050;2110;2150;2230;2470;4890;5110,52104920,fta
2050;2110;2150;2230;2470;4890;5110,52104940,fta
2050;2110;2150;2230;2470;4890;5110,52104960,fta
2050;2110;2150;2230;2470;4890;5110,52104980,fta
2050;2110;2150;2230;2470;4890;5110,52105140,fta
2050;2110;2150;2230;2470;4890;5110,52105160,fta
2050;2110;2150;2230;2470;4890;5110,52105180,fta
2050;2110;2150;2230;2470;4890;5110,52105910,fta
2050;2110;2150;2230;2470;4890;5110,52105920,fta
2050;2110;2150;2230;2470;4890;5110,52105940,fta
2050;2110;2150;2230;2470;4890;5110,52105960,fta
2050;2110;2150;2230;2470;4890;5110,52105980,fta
2050;2110;2150;2230;2470;4890;5110,52111100,fta
2050;2110;2150;2230;2470;4890;5110,52111200,fta
2050;2110;2150;2230;2470;4890;5110,52111900,fta
2050;2110;2150;2230;2470;4890;5110,52112021,fta
2050;2110;2150;2230;2470;4890;5110,52112022,fta
2050;2110;2150;2230;2470;4890;5110,52112029,fta
2050;2110;2150;2230;2470;4890;5110,52113100,fta
2050;2110;2150;2230;2470;4890;5110,52113200,fta
2050;2110;2150;2230;2470;4890;5110,52113900,fta
2050;2110;2150;2230;2470;4890;5110,52114100,fta
2050;2110;2150;2230;2470;4890;5110,52114200,fta
2050;2110;2150;2230;2470;4890;5110,52114300,fta
2050;2110;2150;2230;2470;4890;5110,52114900,fta
2050;2110;2150;2230;2470;4890;5110,52115100,fta
2050;2110;2150;2230;2470;4890;5110,52115200,fta
2050;2110;2150;2230;2470;4890;5110,52115900,fta
2050;2110;2150;2230;2470;4890;5110,52121110,fta
2050;2110;2150;2230;2470;4890;5110,52121160,fta
2050;2110;2150;2230;2470;4890;5110,52121210,fta
2050;2110;2150;2230;2470;4890;5110,52121260,fta
2050;2110;2150;2230;2470;4890;5110,52121310,fta
2050;2110;2150;2230;2470;4890;5110,52121360,fta
2050;2110;2150;2230;2470;4890;5110,52121410,fta
2050;2110;2150;2230;2470;4890;5110,52121460,fta
2050;2110;2150;2230;2470;4890;5110,52121510,fta
2050;2110;2150;2230;2470;4890;5110,52121560,fta
2050;2110;2150;2230;2470;4890;5110,52122110,fta
2050;2110;2150;2230;2470;4890;5110,52122160,fta
2050;2110;2150;2230;2470;4890;5110,52122210,fta
2050;2110;2150;2230;2470;4890;5110,52122260,fta
2050;2110;2150;2230;2470;4890;5110,52122310,fta
2050;2110;2150;2230;2470;4890;5110,52122360,fta
2050;2110;2150;2230;2470;4890;5110,52122410,fta
2050;2110;2150;2230;2470;4890;5110,52122460,fta
2050;2110;2150;2230;2470;4890;5110,52122510,fta
2050;2110;2150;2230;2470;4890;5110,52122560,fta
2050;2110;2150;2230;2470;4890;5110,53011000,fta
2050;2110;2150;2230;2470;4890;5110,53012100,fta
2050;2110;2150;2230;2470;4890;5110,53012900,fta
2050;2110;2150;2230;2470;4890;5110,53013000,fta
2050;2110;2150;2230;2470;4890;5110,53021000,fta
2050;2110;2150;2230;2470;4890;5110,53029000,fta
2050;2110;2150;2230;2470;4890;5110,53031000,fta
2050;2110;2150;2230;2470;4890;5110,53039000,fta
2050;2110;2150;2230;2470;4890;5110,53050000,fta
2050;2110;2150;2230;2470;4890;5110,53061000,fta
2050;2110;2150;2230;2470;4890;5110,53062000,fta
2050;2110;2150;2230;2470;4890;5110,53071000,fta
2050;2110;2150;2230;2470;4890;5110,53072000,fta
2050;2110;2150;2230;2470;4890;5110,53081000,fta
2050;2110;2150;2230;2470;4890;5110,53082000,fta
2050;2110;2150;2230;2470;4890;5110,53089010,fta
2050;2110;2150;2230;2470;4890;5110,53089090,fta
2050;2110;2150;2230;2470;4890;5110,53091100,fta
2050;2110;2150;2230;2470;4890;5110,53091900,fta
2050;2110;2150;2230;2470;4890;5110,53092120,fta
2050;2110;2150;2230;2470;4890;5110,53092130,fta
2050;2110;2150;2230;2470;4890;5110,53092140,fta
2050;2110;2150;2230;2470;4890;5110,53092920,fta
2050;2110;2150;2230;2470;4890;5110,53092930,fta
2050;2110;2150;2230;2470;4890;5110,53092940,fta
2050;2110;2150;2230;2470;4890;5110,53101000,fta
2050;2110;2150;2230;2470;4890;5110,53109000,fta
2050;2110;2150;2230;2470;4890;5110,53110020,fta
2050;2110;2150;2230;2470;4890;5110,53110030,fta
2050;2110;2150;2230;2470;4890;5110,53110040,fta
2050;2110;2150;2230;2470;4890;5110,53110060,fta
2050;2110;2150;2230;2470;4890;5110,54011000,fta
2050;2110;2150;2230;2470;4890;5110,54012000,fta
2050;2110;2150;2230;2470;4890;5110,54021130,fta
2050;2110;2150;2230;2470;4890;5110,54021160,fta
2050;2110;2150;2230;2470;4890;5110,54021930,fta
2050;2110;2150;2230;2470;4890;5110,54021960,fta
2050;2110;2150;2230;2470;4890;5110,54022030,fta
2050;2110;2150;2230;2470;4890;5110,54022060,fta
2050;2110;2150;2230;2470;4890;5110,54023130,fta
2050;2110;2150;2230;2470;4890;5110,54023160,fta
2050;2110;2150;2230;2470;4890;5110,54023230,fta
2050;2110;2150;2230;2470;4890;5110,54023260,fta
2050;2110;2150;2230;2470;4890;5110,54023330,fta
2050;2110;2150;2230;2470;4890;5110,54023360,fta
2050;2110;2150;2230;2470;4890;5110,54023430,fta
2050;2110;2150;2230;2470;4890;5110,54023460,fta
2050;2110;2150;2230;2470;4890;5110,54023931,fta
2050;2110;2150;2230;2470;4890;5110,54023961,fta
2050;2110;2150;2230;2470;4890;5110,54024400,fta
2050;2110;2150;2230;2470;4890;5110,54024510,fta
2050;2110;2150;2230;2470;4890;5110,54024590,fta
2050;2110;2150;2230;2470;4890;5110,54024600,fta
2050;2110;2150;2230;2470;4890;5110,54024710,fta
2050;2110;2150;2230;2470;4890;5110,54024790,fta
2050;2110;2150;2230;2470;4890;5110,54024800,fta
2050;2110;2150;2230;2470;4890;5110,54024911,fta
2050;2110;2150;2230;2470;4890;5110,54024991,fta
2050;2110;2150;2230;2470;4890;5110,54025100,fta
2050;2110;2150;2230;2470;4890;5110,54025210,fta
2050;2110;2150;2230;2470;4890;5110,54025290,fta
2050;2110;2150;2230;2470;4890;5110,54025300,fta
2050;2110;2150;2230;2470;4890;5110,54025901,fta
2050;2110;2150;2230;2470;4890;5110,54026100,fta
2050;2110;2150;2230;2470;4890;5110,54026200,fta
2050;2110;2150;2230;2470;4890;5110,54026300,fta
2050;2110;2150;2230;2470;4890;5110,54026901,fta
2050;2110;2150;2230;2470;4890;5110,54031030,fta
2050;2110;2150;2230;2470;4890;5110,54031060,fta
2050;2110;2150;2230;2470;4890;5110,54033100,fta
2050;2110;2150;2230;2470;4890;5110,54033200,fta
2050;2110;2150;2230;2470;4890;5110,54033300,fta
2050;2110;2150;2230;2470;4890;5110,54033910,fta
2050;2110;2150;2230;2470;4890;5110,54033990,fta
2050;2110;2150;2230;2470;4890;5110,54034100,fta
2050;2110;2150;2230;2470;4890;5110,54034200,fta
2050;2110;2150;2230;2470;4890;5110,54034910,fta
2050;2110;2150;2230;2470;4890;5110,54034990,fta
2050;2110;2150;2230;2470;4890;5110,54041100,fta
2050;2110;2150;2230;2470;4890;5110,54041210,fta
2050;2110;2150;2230;2470;4890;5110,54041290,fta
2050;2110;2150;2230;2470;4890;5110,54041910,fta
2050;2110;2150;2230;2470;4890;5110,54041980,fta
2050;2110;2150;2230;2470;4890;5110,54049000,fta
2050;2110;2150;2230;2470;4890;5110,54050030,fta
2050;2110;2150;2230;2470;4890;5110,54050060,fta
2050;2110;2150;2230;2470;4890;5110,54060010,fta
2050;2110;2150;2230;2470;4890;5110,54060020,fta
2050;2110;2150;2230;2470;4890;5110,54071000,fta
2050;2110;2150;2230;2470;4890;5110,54072000,fta
2050;2110;2150;2230;2470;4890;5110,54073010,fta
2050;2110;2150;2230;2470;4890;5110,54073090,fta
2050;2110;2150;2230;2470;4890;5110,54074100,fta
2050;2110;2150;2230;2470;4890;5110,54074200,fta
2050;2110;2150;2230;2470;4890;5110,54074310,fta
2050;2110;2150;2230;2470;4890;5110,54074320,fta
2050;2110;2150;2230;2470;4890;5110,54074400,fta
2050;2110;2150;2230;2470;4890;5110,54075100,fta
2050;2110;2150;2230;2470;4890;5110,54075205,fta
2050;2110;2150;2230;2470;4890;5110,54075220,fta
2050;2110;2150;2230;2470;4890;5110,54075310,fta
2050;2110;2150;2230;2470;4890;5110,54075320,fta
2050;2110;2150;2230;2470;4890;5110,54075400,fta
2050;2110;2150;2230;2470;4890;5110,54076111,fta
2050;2110;2150;2230;2470;4890;5110,54076119,fta
2050;2110;2150;2230;2470;4890;5110,54076121,fta
2050;2110;2150;2230;2470;4890;5110,54076129,fta
2050;2110;2150;2230;2470;4890;5110,54076191,fta
2050;2110;2150;2230;2470;4890;5110,54076199,fta
2050;2110;2150;2230;2470;4890;5110,54076910,fta
2050;2110;2150;2230;2470;4890;5110,54076920,fta
2050;2110;2150;2230;2470;4890;5110,54076930,fta
2050;2110;2150;2230;2470;4890;5110,54076940,fta
2050;2110;2150;2230;2470;4890;5110,54076990,fta
2050;2110;2150;2230;2470;4890;5110,54077100,fta
2050;2110;2150;2230;2470;4890;5110,54077200,fta
2050;2110;2150;2230;2470;4890;5110,54077310,fta
2050;2110;2150;2230;2470;4890;5110,54077320,fta
2050;2110;2150;2230;2470;4890;5110,54077400,fta
2050;2110;2150;2230;2470;4890;5110,54078100,fta
2050;2110;2150;2230;2470;4890;5110,54078200,fta
2050;2110;2150;2230;2470;4890;5110,54078300,fta
2050;2110;2150;2230;2470;4890;5110,54078400,fta
2050;2110;2150;2230;2470;4890;5110,54079105,fta
2050;2110;2150;2230;2470;4890;5110,54079110,fta
2050;2110;2150;2230;2470;4890;5110,54079120,fta
2050;2110;2150;2230;2470;4890;5110,54079205,fta
2050;2110;2150;2230;2470;4890;5110,54079210,fta
2050;2110;2150;2230;2470;4890;5110,54079220,fta
2050;2110;2150;2230;2470;4890;5110,54079305,fta
2050;2110;2150;2230;2470;4890;5110,54079310,fta
2050;2110;2150;2230;2470;4890;5110,54079315,fta
2050;2110;2150;2230;2470;4890;5110,54079320,fta
2050;2110;2150;2230;2470;4890;5110,54079405,fta
2050;2110;2150;2230;2470;4890;5110,54079410,fta
2050;2110;2150;2230;2470;4890;5110,54079420,fta
2050;2110;2150;2230;2470;4890;5110,54081000,fta
2050;2110;2150;2230;2470;4890;5110,54082100,fta
2050;2110;2150;2230;2470;4890;5110,54082210,fta
2050;2110;2150;2230;2470;4890;5110,54082290,fta
2050;2110;2150;2230;2470;4890;5110,54082311,fta
2050;2110;2150;2230;2470;4890;5110,54082319,fta
2050;2110;2150;2230;2470;4890;5110,54082321,fta
2050;2110;2150;2230;2470;4890;5110,54082329,fta
2050;2110;2150;2230;2470;4890;5110,54082410,fta
2050;2110;2150;2230;2470;4890;5110,54082490,fta
2050;2110;2150;2230;2470;4890;5110,54083105,fta
2050;2110;2150;2230;2470;4890;5110,54083110,fta
2050;2110;2150;2230;2470;4890;5110,54083120,fta
2050;2110;2150;2230;2470;4890;5110,54083205,fta
2050;2110;2150;2230;2470;4890;5110,54083210,fta
2050;2110;2150;2230;2470;4890;5110,54083230,fta
2050;2110;2150;2230;2470;4890;5110,54083290,fta
2050;2110;2150;2230;2470;4890;5110,54083305,fta
2050;2110;2150;2230;2470;4890;5110,54083310,fta
2050;2110;2150;2230;2470;4890;5110,54083315,fta
2050;2110;2150;2230;2470;4890;5110,54083330,fta
2050;2110;2150;2230;2470;4890;5110,54083390,fta
2050;2110;2150;2230;2470;4890;5110,54083405,fta
2050;2110;2150;2230;2470;4890;5110,54083410,fta
2050;2110;2150;2230;2470;4890;5110,54083430,fta
2050;2110;2150;2230;2470;4890;5110,54083490,fta
2050;2110;2150;2230;2470;4890;5110,55011100,fta
2050;2110;2150;2230;2470;4890;5110,55011900,fta
2050;2110;2150;2230;2470;4890;5110,55012000,fta
2050;2110;2150;2230;2470;4890;5110,55013000,fta
2050;2110;2150;2230;2470;4890;5110,55014000,fta
2050;2110;2150;2230;2470;4890;5110,55019001,fta
2050;2110;2150;2230;2470;4890;5110,55021000,fta
2050;2110;2150;2230;2470;4890;5110,55029000,fta
2050;2110;2150;2230;2470;4890;5110,55031100,fta
2050;2110;2150;2230;2470;4890;5110,55031910,fta
2050;2110;2150;2230;2470;4890;5110,55031990,fta
2050;2110;2150;2230;2470;4890;5110,55032000,fta
2050;2110;2150;2230;2470;4890;5110,55033000,fta
2050;2110;2150;2230;2470;4890;5110,55034000,fta
2050;2110;2150;2230;2470;4890;5110,55039010,fta
2050;2110;2150;2230;2470;4890;5110,55039090,fta
2050;2110;2150;2230;2470;4890;5110,55041000,fta
2050;2110;2150;2230;2470;4890;5110,55049000,fta
2050;2110;2150;2230;2470;4890;5110,55051000,fta
2050;2110;2150;2230;2470;4890;5110,55052000,fta
2050;2110;2150;2230;2470;4890;5110,55061000,fta
2050;2110;2150;2230;2470;4890;5110,55062000,fta
2050;2110;2150;2230;2470;4890;5110,55063000,fta
2050;2110;2150;2230;2470;4890;5110,55064000,fta
2050;2110;2150;2230;2470;4890;5110,55069001,fta
2050;2110;2150;2230;2470;4890;5110,55070000,fta
2050;2110;2150;2230;2470;4890;5110,55081000,fta
2050;2110;2150;2230;2470;4890;5110,55082000,fta
2050;2110;2150;2230;2470;4890;5110,55091100,fta
2050;2110;2150;2230;2470;4890;5110,55091200,fta
2050;2110;2150;2230;2470;4890;5110,55092100,fta
2050;2110;2150;2230;2470;4890;5110,55092200,fta
2050;2110;2150;2230;2470;4890;5110,55093100,fta
2050;2110;2150;2230;2470;4890;5110,55093200,fta
2050;2110;2150;2230;2470;4890;5110,55094100,fta
2050;2110;2150;2230;2470;4890;5110,55094200,fta
2050;2110;2150;2230;2470;4890;5110,55095130,fta
2050;2110;2150;2230;2470;4890;5110,55095160,fta
2050;2110;2150;2230;2470;4890;5110,55095200,fta
2050;2110;2150;2230;2470;4890;5110,55095300,fta
2050;2110;2150;2230;2470;4890;5110,55095900,fta
2050;2110;2150;2230;2470;4890;5110,55096100,fta
2050;2110;2150;2230;2470;4890;5110,55096200,fta
2050;2110;2150;2230;2470;4890;5110,55096920,fta
2050;2110;2150;2230;2470;4890;5110,55096940,fta
2050;2110;2150;2230;2470;4890;5110,55096960,fta
2050;2110;2150;2230;2470;4890;5110,55099100,fta
2050;2110;2150;2230;2470;4890;5110,55099200,fta
2050;2110;2150;2230;2470;4890;5110,55099920,fta
2050;2110;2150;2230;2470;4890;5110,55099940,fta
2050;2110;2150;2230;2470;4890;5110,55099960,fta
2050;2110;2150;2230;2470;4890;5110,55101100,fta
2050;2110;2150;2230;2470;4890;5110,55101200,fta
2050;2110;2150;2230;2470;4890;5110,55102000,fta
2050;2110;2150;2230;2470;4890;5110,55103000,fta
2050;2110;2150;2230;2470;4890;5110,55109020,fta
2050;2110;2150;2230;2470;4890;5110,55109040,fta
2050;2110;2150;2230;2470;4890;5110,55109060,fta
2050;2110;2150;2230;2470;4890;5110,55111000,fta
2050;2110;2150;2230;2470;4890;5110,55112000,fta
2050;2110;2150;2230;2470;4890;5110,55113000,fta
2050;2110;2150;2230;2470;4890;5110,55121100,fta
2050;2110;2150;2230;2470;4890;5110,55121900,fta
2050;2110;2150;2230;2470;4890;5110,55122100,fta
2050;2110;2150;2230;2470;4890;5110,55122900,fta
2050;2110;2150;2230;2470;4890;5110,55129100,fta
2050;2110;2150;2230;2470;4890;5110,55129900,fta
2050;2110;2150;2230;2470;4890;5110,55131100,fta
2050;2110;2150;2230;2470;4890;5110,55131200,fta
2050;2110;2150;2230;2470;4890;5110,55131300,fta
2050;2110;2150;2230;2470;4890;5110,55131900,fta
2050;2110;2150;2230;2470;4890;5110,55132100,fta
2050;2110;2150;2230;2470;4890;5110,55132301,fta
2050;2110;2150;2230;2470;4890;5110,55132900,fta
2050;2110;2150;2230;2470;4890;5110,55133100,fta
2050;2110;2150;2230;2470;4890;5110,55133901,fta
2050;2110;2150;2230;2470;4890;5110,55134100,fta
2050;2110;2150;2230;2470;4890;5110,55134910,fta
2050;2110;2150;2230;2470;4890;5110,55134920,fta
2050;2110;2150;2230;2470;4890;5110,55134990,fta
2050;2110;2150;2230;2470;4890;5110,55141100,fta
2050;2110;2150;2230;2470;4890;5110,55141200,fta
2050;2110;2150;2230;2470;4890;5110,55141910,fta
2050;2110;2150;2230;2470;4890;5110,55141990,fta
2050;2110;2150;2230;2470;4890;5110,55142100,fta
2050;2110;2150;2230;2470;4890;5110,55142200,fta
2050;2110;2150;2230;2470;4890;5110,55142300,fta
2050;2110;2150;2230;2470;4890;5110,55142900,fta
2050;2110;2150;2230;2470;4890;5110,55143031,fta
2050;2110;2150;2230;2470;4890;5110,55143032,fta
2050;2110;2150;2230;2470;4890;5110,55143033,fta
2050;2110;2150;2230;2470;4890;5110,55143039,fta
2050;2110;2150;2230;2470;4890;5110,55144100,fta
2050;2110;2150;2230;2470;4890;5110,55144200,fta
2050;2110;2150;2230;2470;4890;5110,55144300,fta
2050;2110;2150;2230;2470;4890;5110,55144900,fta
2050;2110;2150;2230;2470;4890;5110,55151100,fta
2050;2110;2150;2230;2470;4890;5110,55151200,fta
2050;2110;2150;2230;2470;4890;5110,55151305,fta
2050;2110;2150;2230;2470;4890;5110,55151310,fta
2050;2110;2150;2230;2470;4890;5110,55151900,fta
2050;2110;2150;2230;2470;4890;5110,55152100,fta
2050;2110;2150;2230;2470;4890;5110,55152205,fta
2050;2110;2150;2230;2470;4890;5110,55152210,fta
2050;2110;2150;2230;2470;4890;5110,55152900,fta
2050;2110;2150;2230;2470;4890;5110,55159100,fta
2050;2110;2150;2230;2470;4890;5110,55159905,fta
2050;2110;2150;2230;2470;4890;5110,55159910,fta
2050;2110;2150;2230;2470;4890;5110,55159990,fta
2050;2110;2150;2230;2470;4890;5110,55161100,fta
2050;2110;2150;2230;2470;4890;5110,55161200,fta
2050;2110;2150;2230;2470;4890;5110,55161300,fta
2050;2110;2150;2230;2470;4890;5110,55161400,fta
2050;2110;2150;2230;2470;4890;5110,55162100,fta
2050;2110;2150;2230;2470;4890;5110,55162200,fta
2050;2110;2150;2230;2470;4890;5110,55162300,fta
2050;2110;2150;2230;2470;4890;5110,55162400,fta
2050;2110;2150;2230;2470;4890;5110,55163105,fta
2050;2110;2150;2230;2470;4890;5110,55163110,fta
2050;2110;2150;2230;2470;4890;5110,55163205,fta
2050;2110;2150;2230;2470;4890;5110,55163210,fta
2050;2110;2150;2230;2470;4890;5110,55163305,fta
2050;2110;2150;2230;2470;4890;5110,55163310,fta
2050;2110;2150;2230;2470;4890;5110,55163405,fta
2050;2110;2150;2230;2470;4890;5110,55163410,fta
2050;2110;2150;2230;2470;4890;5110,55164100,fta
2050;2110;2150;2230;2470;4890;5110,55164200,fta
2050;2110;2150;2230;2470;4890;5110,55164300,fta
2050;2110;2150;2230;2470;4890;5110,55164400,fta
2050;2110;2150;2230;2470;4890;5110,55169100,fta
2050;2110;2150;2230;2470;4890;5110,55169200,fta
2050;2110;2150;2230;2470;4890;5110,55169300,fta
2050;2110;2150;2230;2470;4890;5110,55169400,fta
2050;2110;2150;2230;2470;4890;5110,56012100,fta
2050;2110;2150;2230;2470;4890;5110,56012200,fta
2050;2110;2150;2230;2470;4890;5110,56012900,fta
2050;2110;2150;2230;2470;4890;5110,56013000,fta
2050;2110;2150;2230;2470;4890;5110,56021010,fta
2050;2110;2150;2230;2470;4890;5110,56021090,fta
2050;2110;2150;2230;2470;4890;5110,56022100,fta
2050;2110;2150;2230;2470;4890;5110,56022900,fta
2050;2110;2150;2230;2470;4890;5110,56029030,fta
2050;2110;2150;2230;2470;4890;5110,56029060,fta
2050;2110;2150;2230;2470;4890;5110,56029090,fta
2050;2110;2150;2230;2470;4890;5110,56031100,fta
2050;2110;2150;2230;2470;4890;5110,56031200,fta
2050;2110;2150;2230;2470;4890;5110,56031300,fta
2050;2110;2150;2230;2470;4890;5110,56031430,fta
2050;2110;2150;2230;2470;4890;5110,56031490,fta
2050;2110;2150;2230;2470;4890;5110,56039100,fta
2050;2110;2150;2230;2470;4890;5110,56039200,fta
2050;2110;2150;2230;2470;4890;5110,56039300,fta
2050;2110;2150;2230;2470;4890;5110,56039410,fta
2050;2110;2150;2230;2470;4890;5110,56039430,fta
2050;2110;2150;2230;2470;4890;5110,56039490,fta
2050;2110;2150;2230;2470;4890;5110,56041000,fta
2050;2110;2150;2230;2470;4890;5110,56049020,fta
2050;2110;2150;2230;2470;4890;5110,56049090,fta
2050;2110;2150;2230;2470;4890;5110,56050010,fta
2050;2110;2150;2230;2470;4890;5110,56050090,fta
2050;2110;2150;2230;2470;4890;5110,56060000,fta
2050;2110;2150;2230;2470;4890;5110,56072100,fta
2050;2110;2150;2230;2470;4890;5110,56072900,fta
2050;2110;2150;2230;2470;4890;5110,56074110,fta
2050;2110;2150;2230;2470;4890;5110,56074130,fta
2050;2110;2150;2230;2470;4890;5110,56074910,fta
2050;2110;2150;2230;2470;4890;5110,56074915,fta
2050;2110;2150;2230;2470;4890;5110,56074925,fta
2050;2110;2150;2230;2470;4890;5110,56074930,fta
2050;2110;2150;2230;2470;4890;5110,56075025,fta
2050;2110;2150;2230;2470;4890;5110,56075035,fta
2050;2110;2150;2230;2470;4890;5110,56075040,fta
2050;2110;2150;2230;2470;4890;5110,56079010,fta
2050;2110;2150;2230;2470;4890;5110,56079015,fta
2050;2110;2150;2230;2470;4890;5110,56079025,fta
2050;2110;2150;2230;2470;4890;5110,56079035,fta
2050;2110;2150;2230;2470;4890;5110,56079090,fta
2050;2110;2150;2230;2470;4890;5110,56081100,fta
2050;2110;2150;2230;2470;4890;5110,56081910,fta
2050;2110;2150;2230;2470;4890;5110,56081920,fta
2050;2110;2150;2230;2470;4890;5110,56089010,fta
2050;2110;2150;2230;2470;4890;5110,56089023,fta
2050;2110;2150;2230;2470;4890;5110,56089027,fta
2050;2110;2150;2230;2470;4890;5110,56089030,fta
2050;2110;2150;2230;2470;4890;5110,56090010,fta
2050;2110;2150;2230;2470;4890;5110,56090020,fta
2050;2110;2150;2230;2470;4890;5110,56090030,fta
2050;2110;2150;2230;2470;4890;5110,56090040,fta
2050;2110;2150;2230;2470;4890;5110,57011013,fta
2050;2110;2150;2230;2470;4890;5110,57011016,fta
2050;2110;2150;2230;2470;4890;5110,57011040,fta
2050;2110;2150;2230;2470;4890;5110,57011090,fta
2050;2110;2150;2230;2470;4890;5110,57019010,fta
2050;2110;2150;2230;2470;4890;5110,57019020,fta
2050;2110;2150;2230;2470;4890;5110,57021010,fta
2050;2110;2150;2230;2470;4890;5110,57021090,fta
2050;2110;2150;2230;2470;4890;5110,57022010,fta
2050;2110;2150;2230;2470;4890;5110,57022020,fta
2050;2110;2150;2230;2470;4890;5110,57023110,fta
2050;2110;2150;2230;2470;4890;5110,57023120,fta
2050;2110;2150;2230;2470;4890;5110,57023210,fta
2050;2110;2150;2230;2470;4890;5110,57023220,fta
2050;2110;2150;2230;2470;4890;5110,57023910,fta
2050;2110;2150;2230;2470;4890;5110,57023920,fta
2050;2110;2150;2230;2470;4890;5110,57024110,fta
2050;2110;2150;2230;2470;4890;5110,57024120,fta
2050;2110;2150;2230;2470;4890;5110,57024210,fta
2050;2110;2150;2230;2470;4890;5110,57024220,fta
2050;2110;2150;2230;2470;4890;5110,57024910,fta
2050;2110;2150;2230;2470;4890;5110,57024915,fta
2050;2110;2150;2230;2470;4890;5110,57024920,fta
2050;2110;2150;2230;2470;4890;5110,57025020,fta
2050;2110;2150;2230;2470;4890;5110,57025040,fta
2050;2110;2150;2230;2470;4890;5110,57025052,fta
2050;2110;2150;2230;2470;4890;5110,57025056,fta
2050;2110;2150;2230;2470;4890;5110,57025059,fta
2050;2110;2150;2230;2470;4890;5110,57029120,fta
2050;2110;2150;2230;2470;4890;5110,57029130,fta
2050;2110;2150;2230;2470;4890;5110,57029140,fta
2050;2110;2150;2230;2470;4890;5110,57029210,fta
2050;2110;2150;2230;2470;4890;5110,57029290,fta
2050;2110;2150;2230;2470;4890;5110,57029905,fta
2050;2110;2150;2230;2470;4890;5110,57029915,fta
2050;2110;2150;2230;2470;4890;5110,57029920,fta
2050;2110;2150;2230;2470;4890;5110,57031020,fta
2050;2110;2150;2230;2470;4890;5110,57031080,fta
2050;2110;2150;2230;2470;4890;5110,57032100,fta
2050;2110;2150;2230;2470;4890;5110,57032910,fta
2050;2110;2150;2230;2470;4890;5110,57032920,fta
2050;2110;2150;2230;2470;4890;5110,57033100,fta
2050;2110;2150;2230;2470;4890;5110,57033910,fta
2050;2110;2150;2230;2470;4890;5110,57033920,fta
2050;2110;2150;2230;2470;4890;5110,57039000,fta
2050;2110;2150;2230;2470;4890;5110,57041000,fta
2050;2110;2150;2230;2470;4890;5110,57042000,fta
2050;2110;2150;2230;2470;4890;5110,57049001,fta
2050;2110;2150;2230;2470;4890;5110,57050010,fta
2050;2110;2150;2230;2470;4890;5110,57050020,fta
2050;2110;2150;2230;2470;4890;5110,58011000,fta
2050;2110;2150;2230;2470;4890;5110,58012100,fta
2050;2110;2150;2230;2470;4890;5110,58012210,fta
2050;2110;2150;2230;2470;4890;5110,58012290,fta
2050;2110;2150;2230;2470;4890;5110,58012300,fta
2050;2110;2150;2230;2470;4890;5110,58012600,fta
2050;2110;2150;2230;2470;4890;5110,58012710,fta
2050;2110;2150;2230;2470;4890;5110,58012750,fta
2050;2110;2150;2230;2470;4890;5110,58013100,fta
2050;2110;2150;2230;2470;4890;5110,58013200,fta
2050;2110;2150;2230;2470;4890;5110,58013300,fta
2050;2110;2150;2230;2470;4890;5110,58013600,fta
2050;2110;2150;2230;2470;4890;5110,58013710,fta
2050;2110;2150;2230;2470;4890;5110,58013750,fta
2050;2110;2150;2230;2470;4890;5110,58019010,fta
2050;2110;2150;2230;2470;4890;5110,58019020,fta
2050;2110;2150;2230;2470;4890;5110,58021010,fta
2050;2110;2150;2230;2470;4890;5110,58021090,fta
2050;2110;2150;2230;2470;4890;5110,58022000,fta
2050;2110;2150;2230;2470;4890;5110,58023000,fta
2050;2110;2150;2230;2470;4890;5110,58030010,fta
2050;2110;2150;2230;2470;4890;5110,58030020,fta
2050;2110;2150;2230;2470;4890;5110,58030030,fta
2050;2110;2150;2230;2470;4890;5110,58030040,fta
2050;2110;2150;2230;2470;4890;5110,58030050,fta
2050;2110;2150;2230;2470;4890;5110,58030090,fta
2050;2110;2150;2230;2470;4890;5110,58041010,fta
2050;2110;2150;2230;2470;4890;5110,58041090,fta
2050;2110;2150;2230;2470;4890;5110,58042100,fta
2050;2110;2150;2230;2470;4890;5110,58042910,fta
2050;2110;2150;2230;2470;4890;5110,58042990,fta
2050;2110;2150;2230;2470;4890;5110,58043000,fta
2050;2110;2150;2230;2470;4890;5110,58050010,fta
2050;2110;2150;2230;2470;4890;5110,58050020,fta
2050;2110;2150;2230;2470;4890;5110,58050025,fta
2050;2110;2150;2230;2470;4890;5110,58050030,fta
2050;2110;2150;2230;2470;4890;5110,58050040,fta
2050;2110;2150;2230;2470;4890;5110,58061010,fta
2050;2110;2150;2230;2470;4890;5110,58061024,fta
2050;2110;2150;2230;2470;4890;5110,58061028,fta
2050;2110;2150;2230;2470;4890;5110,58061030,fta
2050;2110;2150;2230;2470;4890;5110,58062000,fta
2050;2110;2150;2230;2470;4890;5110,58063100,fta
2050;2110;2150;2230;2470;4890;5110,58063210,fta
2050;2110;2150;2230;2470;4890;5110,58063220,fta
2050;2110;2150;2230;2470;4890;5110,58063910,fta
2050;2110;2150;2230;2470;4890;5110,58063920,fta
2050;2110;2150;2230;2470;4890;5110,58063930,fta
2050;2110;2150;2230;2470;4890;5110,58064000,fta
2050;2110;2150;2230;2470;4890;5110,58071005,fta
2050;2110;2150;2230;2470;4890;5110,58071015,fta
2050;2110;2150;2230;2470;4890;5110,58071020,fta
2050;2110;2150;2230;2470;4890;5110,58079005,fta
2050;2110;2150;2230;2470;4890;5110,58079015,fta
2050;2110;2150;2230;2470;4890;5110,58079020,fta
2050;2110;2150;2230;2470;4890;5110,58081010,fta
2050;2110;2150;2230;2470;4890;5110,58081040,fta
2050;2110;2150;2230;2470;4890;5110,58081050,fta
2050;2110;2150;2230;2470;4890;5110,58081070,fta
2050;2110;2150;2230;2470;4890;5110,58081090,fta
2050;2110;2150;2230;2470;4890;5110,58089000,fta
2050;2110;2150;2230;2470;4890;5110,58090000,fta
2050;2110;2150;2230;2470;4890;5110,58101000,fta
2050;2110;2150;2230;2470;4890;5110,58109100,fta
2050;2110;2150;2230;2470;4890;5110,58109210,fta
2050;2110;2150;2230;2470;4890;5110,58109290,fta
2050;2110;2150;2230;2470;4890;5110,58109910,fta
2050;2110;2150;2230;2470;4890;5110,58109990,fta
2050;2110;2150;2230;2470;4890;5110,58110010,fta
2050;2110;2150;2230;2470;4890;5110,58110020,fta
2050;2110;2150;2230;2470;4890;5110,58110030,fta
2050;2110;2150;2230;2470;4890;5110,58110040,fta
2050;2110;2150;2230;2470;4890;5110,59011010,fta
2050;2110;2150;2230;2470;4890;5110,59011020,fta
2050;2110;2150;2230;2470;4890;5110,59019020,fta
2050;2110;2150;2230;2470;4890;5110,59019040,fta
2050;2110;2150;2230;2470;4890;5110,59021000,fta
2050;2110;2150;2230;2470;4890;5110,59022000,fta
2050;2110;2150;2230;2470;4890;5110,59029000,fta
2050;2110;2150;2230;2470;4890;5110,59031010,fta
2050;2110;2150;2230;2470;4890;5110,59031015,fta
2050;2110;2150;2230;2470;4890;5110,59031018,fta
2050;2110;2150;2230;2470;4890;5110,59031020,fta
2050;2110;2150;2230;2470;4890;5110,59031025,fta
2050;2110;2150;2230;2470;4890;5110,59031030,fta
2050;2110;2150;2230;2470;4890;5110,59032010,fta
2050;2110;2150;2230;2470;4890;5110,59032015,fta
2050;2110;2150;2230;2470;4890;5110,59032018,fta
2050;2110;2150;2230;2470;4890;5110,59032020,fta
2050;2110;2150;2230;2470;4890;5110,59032025,fta
2050;2110;2150;2230;2470;4890;5110,59032030,fta
2050;2110;2150;2230;2470;4890;5110,59039010,fta
2050;2110;2150;2230;2470;4890;5110,59039015,fta
2050;2110;2150;2230;2470;4890;5110,59039018,fta
2050;2110;2150;2230;2470;4890;5110,59039020,fta
2050;2110;2150;2230;2470;4890;5110,59039025,fta
2050;2110;2150;2230;2470;4890;5110,59039030,fta
2050;2110;2150;2230;2470;4890;5110,59041000,fta
2050;2110;2150;2230;2470;4890;5110,59049010,fta
2050;2110;2150;2230;2470;4890;5110,59049090,fta
2050;2110;2150;2230;2470;4890;5110,59050010,fta
2050;2110;2150;2230;2470;4890;5110,59050090,fta
2050;2110;2150;2230;2470;4890;5110,59069110,fta
2050;2110;2150;2230;2470;4890;5110,59069120,fta
2050;2110;2150;2230;2470;4890;5110,59069125,fta
2050;2110;2150;2230;2470;4890;5110,59069130,fta
2050;2110;2150;2230;2470;4890;5110,59069910,fta
2050;2110;2150;2230;2470;4890;5110,59069920,fta
2050;2110;2150;2230;2470;4890;5110,59069925,fta
2050;2110;2150;2230;2470;4890;5110,59069930,fta
2050;2110;2150;2230;2470;4890;5110,59070005,fta
2050;2110;2150;2230;2470;4890;5110,59070015,fta
2050;2110;2150;2230;2470;4890;5110,59070025,fta
2050;2110;2150;2230;2470;4890;5110,59070035,fta
2050;2110;2150;2230;2470;4890;5110,59070060,fta
2050;2110;2150;2230;2470;4890;5110,59070080,fta
2050;2110;2150;2230;2470;4890;5110,59080000,fta
2050;2110;2150;2230;2470;4890;5110,59090010,fta
2050;2110;2150;2230;2470;4890;5110,59090020,fta
2050;2110;2150;2230;2470;4890;5110,59100010,fta
2050;2110;2150;2230;2470;4890;5110,59100090,fta
2050;2110;2150;2230;2470;4890;5110,59111010,fta
2050;2110;2150;2230;2470;4890;5110,59111020,fta
2050;2110;2150;2230;2470;4890;5110,59112010,fta
2050;2110;2150;2230;2470;4890;5110,59112020,fta
2050;2110;2150;2230;2470;4890;5110,59112030,fta
2050;2110;2150;2230;2470;4890;5110,59113100,fta
2050;2110;2150;2230;2470;4890;5110,59113200,fta
2050;2110;2150;2230;2470;4890;5110,59114001,fta
2050;2110;2150;2230;2470;4890;5110,59119000,fta
2050;2110;2150;2230;2470;4890;5110,60011020,fta
2050;2110;2150;2230;2470;4890;5110,60011060,fta
2050;2110;2150;2230;2470;4890;5110,60012100,fta
2050;2110;2150;2230;2470;4890;5110,60012200,fta
2050;2110;2150;2230;2470;4890;5110,60012900,fta
2050;2110;2150;2230;2470;4890;5110,60019100,fta
2050;2110;2150;2230;2470;4890;5110,60019200,fta
2050;2110;2150;2230;2470;4890;5110,60019910,fta
2050;2110;2150;2230;2470;4890;5110,60019990,fta
2050;2110;2150;2230;2470;4890;5110,60024040,fta
2050;2110;2150;2230;2470;4890;5110,60024080,fta
2050;2110;2150;2230;2470;4890;5110,60029040,fta
2050;2110;2150;2230;2470;4890;5110,60029080,fta
2050;2110;2150;2230;2470;4890;5110,60031010,fta
2050;2110;2150;2230;2470;4890;5110,60031090,fta
2050;2110;2150;2230;2470;4890;5110,60032010,fta
2050;2110;2150;2230;2470;4890;5110,60032030,fta
2050;2110;2150;2230;2470;4890;5110,60033010,fta
2050;2110;2150;2230;2470;4890;5110,60033060,fta
2050;2110;2150;2230;2470;4890;5110,60034010,fta
2050;2110;2150;2230;2470;4890;5110,60034060,fta
2050;2110;2150;2230;2470;4890;5110,60039010,fta
2050;2110;2150;2230;2470;4890;5110,60039090,fta
2050;2110;2150;2230;2470;4890;5110,60041000,fta
2050;2110;2150;2230;2470;4890;5110,60049020,fta
2050;2110;2150;2230;2470;4890;5110,60049090,fta
2050;2110;2150;2230;2470;4890;5110,60052100,fta
2050;2110;2150;2230;2470;4890;5110,60052200,fta
2050;2110;2150;2230;2470;4890;5110,60052300,fta
2050;2110;2150;2230;2470;4890;5110,60052400,fta
2050;2110;2150;2230;2470;4890;5110,60053500,fta
2050;2110;2150;2230;2470;4890;5110,60053600,fta
2050;2110;2150;2230;2470;4890;5110,60053700,fta
2050;2110;2150;2230;2470;4890;5110,60053800,fta
2050;2110;2150;2230;2470;4890;5110,60053900,fta
2050;2110;2150;2230;2470;4890;5110,60054100,fta
2050;2110;2150;2230;2470;4890;5110,60054200,fta
2050;2110;2150;2230;2470;4890;5110,60054300,fta
2050;2110;2150;2230;2470;4890;5110,60054400,fta
2050;2110;2150;2230;2470;4890;5110,60059010,fta
2050;2110;2150;2230;2470;4890;5110,60059090,fta
2050;2110;2150;2230;2470;4890;5110,60061000,fta
2050;2110;2150;2230;2470;4890;5110,60062110,fta
2050;2110;2150;2230;2470;4890;5110,60062190,fta
2050;2110;2150;2230;2470;4890;5110,60062210,fta
2050;2110;2150;2230;2470;4890;5110,60062290,fta
2050;2110;2150;2230;2470;4890;5110,60062310,fta
2050;2110;2150;2230;2470;4890;5110,60062390,fta
2050;2110;2150;2230;2470;4890;5110,60062410,fta
2050;2110;2150;2230;2470;4890;5110,60062490,fta
2050;2110;2150;2230;2470;4890;5110,60063100,fta
2050;2110;2150;2230;2470;4890;5110,60063200,fta
2050;2110;2150;2230;2470;4890;5110,60063300,fta
2050;2110;2150;2230;2470;4890;5110,60063400,fta
2050;2110;2150;2230;2470;4890;5110,60064100,fta
2050;2110;2150;2230;2470;4890;5110,60064200,fta
2050;2110;2150;2230;2470;4890;5110,60064300,fta
2050;2110;2150;2230;2470;4890;5110,60064400,fta
2050;2110;2150;2230;2470;4890;5110,60069010,fta
2050;2110;2150;2230;2470;4890;5110,60069090,fta
2050;2110;2150;2230;2470;4890;5110,61012000,fta
2050;2110;2150;2230;2470;4890;5110,61013010,fta
2050;2110;2150;2230;2470;4890;5110,61013015,fta
2050;2110;2150;2230;2470;4890;5110,61013020,fta
2050;2110;2150;2230;2470;4890;5110,61019005,fta
2050;2110;2150;2230;2470;4890;5110,61019010,fta
2050;2110;2150;2230;2470;4890;5110,61019090,fta
2050;2110;2150;2230;2470;4890;5110,61021000,fta
2050;2110;2150;2230;2470;4890;5110,61022000,fta
2050;2110;2150;2230;2470;4890;5110,61023005,fta
2050;2110;2150;2230;2470;4890;5110,61023010,fta
2050;2110;2150;2230;2470;4890;5110,61023020,fta
2050;2110;2150;2230;2470;4890;5110,61029010,fta
2050;2110;2150;2230;2470;4890;5110,61029090,fta
2050;2110;2150;2230;2470;4890;5110,61031010,fta
2050;2110;2150;2230;2470;4890;5110,61031020,fta
2050;2110;2150;2230;2470;4890;5110,61031030,fta
2050;2110;2150;2230;2470;4890;5110,61031040,fta
2050;2110;2150;2230;2470;4890;5110,61031050,fta
2050;2110;2150;2230;2470;4890;5110,61031060,fta
2050;2110;2150;2230;2470;4890;5110,61031070,fta
2050;2110;2150;2230;2470;4890;5110,61031090,fta
2050;2110;2150;2230;2470;4890;5110,61032200,fta
2050;2110;2150;2230;2470;4890;5110,61032300,fta
2050;2110;2150;2230;2470;4890;5110,61032905,fta
2050;2110;2150;2230;2470;4890;5110,61032910,fta
2050;2110;2150;2230;2470;4890;5110,61032920,fta
2050;2110;2150;2230;2470;4890;5110,61033100,fta
2050;2110;2150;2230;2470;4890;5110,61033200,fta
2050;2110;2150;2230;2470;4890;5110,61033310,fta
2050;2110;2150;2230;2470;4890;5110,61033320,fta
2050;2110;2150;2230;2470;4890;5110,61033910,fta
2050;2110;2150;2230;2470;4890;5110,61033940,fta
2050;2110;2150;2230;2470;4890;5110,61033980,fta
2050;2110;2150;2230;2470;4890;5110,61034110,fta
2050;2110;2150;2230;2470;4890;5110,61034120,fta
2050;2110;2150;2230;2470;4890;5110,61034210,fta
2050;2110;2150;2230;2470;4890;5110,61034220,fta
2050;2110;2150;2230;2470;4890;5110,61034310,fta
2050;2110;2150;2230;2470;4890;5110,61034315,fta
2050;2110;2150;2230;2470;4890;5110,61034320,fta
2050;2110;2150;2230;2470;4890;5110,61034910,fta
2050;2110;2150;2230;2470;4890;5110,61034920,fta
2050;2110;2150;2230;2470;4890;5110,61034940,fta
2050;2110;2150;2230;2470;4890;5110,61034980,fta
2050;2110;2150;2230;2470;4890;5110,61041310,fta
2050;2110;2150;2230;2470;4890;5110,61041320,fta
2050;2110;2150;2230;2470;4890;5110,61041910,fta
2050;2110;2150;2230;2470;4890;5110,61041915,fta
2050;2110;2150;2230;2470;4890;5110,61041940,fta
2050;2110;2150;2230;2470;4890;5110,61041950,fta
2050;2110;2150;2230;2470;4890;5110,61041960,fta
2050;2110;2150;2230;2470;4890;5110,61041980,fta
2050;2110;2150;2230;2470;4890;5110,61042200,fta
2050;2110;2150;2230;2470;4890;5110,61042300,fta
2050;2110;2150;2230;2470;4890;5110,61042905,fta
2050;2110;2150;2230;2470;4890;5110,61042910,fta
2050;2110;2150;2230;2470;4890;5110,61042920,fta
2050;2110;2150;2230;2470;4890;5110,61043100,fta
2050;2110;2150;2230;2470;4890;5110,61043200,fta
2050;2110;2150;2230;2470;4890;5110,61043310,fta
2050;2110;2150;2230;2470;4890;5110,61043320,fta
2050;2110;2150;2230;2470;4890;5110,61043910,fta
2050;2110;2150;2230;2470;4890;5110,61043920,fta
2050;2110;2150;2230;2470;4890;5110,61044100,fta
2050;2110;2150;2230;2470;4890;5110,61044200,fta
2050;2110;2150;2230;2470;4890;5110,61044310,fta
2050;2110;2150;2230;2470;4890;5110,61044320,fta
2050;2110;2150;2230;2470;4890;5110,61044410,fta
2050;2110;2150;2230;2470;4890;5110,61044420,fta
2050;2110;2150;2230;2470;4890;5110,61044910,fta
2050;2110;2150;2230;2470;4890;5110,61044990,fta
2050;2110;2150;2230;2470;4890;5110,61045100,fta
2050;2110;2150;2230;2470;4890;5110,61045200,fta
2050;2110;2150;2230;2470;4890;5110,61045310,fta
2050;2110;2150;2230;2470;4890;5110,61045320,fta
2050;2110;2150;2230;2470;4890;5110,61045910,fta
2050;2110;2150;2230;2470;4890;5110,61045940,fta
2050;2110;2150;2230;2470;4890;5110,61045980,fta
2050;2110;2150;2230;2470;4890;5110,61046100,fta
2050;2110;2150;2230;2470;4890;5110,61046210,fta
2050;2110;2150;2230;2470;4890;5110,61046220,fta
2050;2110;2150;2230;2470;4890;5110,61046310,fta
2050;2110;2150;2230;2470;4890;5110,61046315,fta
2050;2110;2150;2230;2470;4890;5110,61046320,fta
2050;2110;2150;2230;2470;4890;5110,61046910,fta
2050;2110;2150;2230;2470;4890;5110,61046920,fta
2050;2110;2150;2230;2470;4890;5110,61046940,fta
2050;2110;2150;2230;2470;4890;5110,61046980,fta
2050;2110;2150;2230;2470;4890;5110,61051000,fta
2050;2110;2150;2230;2470;4890;5110,61052010,fta
2050;2110;2150;2230;2470;4890;5110,61052020,fta
2050;2110;2150;2230;2470;4890;5110,61059010,fta
2050;2110;2150;2230;2470;4890;5110,61059040,fta
2050;2110;2150;2230;2470;4890;5110,61059080,fta
2050;2110;2150;2230;2470;4890;5110,61061000,fta
2050;2110;2150;2230;2470;4890;5110,61062010,fta
2050;2110;2150;2230;2470;4890;5110,61062020,fta
2050;2110;2150;2230;2470;4890;5110,61069010,fta
2050;2110;2150;2230;2470;4890;5110,61069015,fta
2050;2110;2150;2230;2470;4890;5110,61069025,fta
2050;2110;2150;2230;2470;4890;5110,61069030,fta
2050;2110;2150;2230;2470;4890;5110,61071100,fta
2050;2110;2150;2230;2470;4890;5110,61071200,fta
2050;2110;2150;2230;2470;4890;5110,61071910,fta
2050;2110;2150;2230;2470;4890;5110,61071990,fta
2050;2110;2150;2230;2470;4890;5110,61072100,fta
2050;2110;2150;2230;2470;4890;5110,61072200,fta
2050;2110;2150;2230;2470;4890;5110,61072920,fta
2050;2110;2150;2230;2470;4890;5110,61072950,fta
2050;2110;2150;2230;2470;4890;5110,61072990,fta
2050;2110;2150;2230;2470;4890;5110,61079100,fta
2050;2110;2150;2230;2470;4890;5110,61079910,fta
2050;2110;2150;2230;2470;4890;5110,61079920,fta
2050;2110;2150;2230;2470;4890;5110,61079950,fta
2050;2110;2150;2230;2470;4890;5110,61079990,fta
2050;2110;2150;2230;2470;4890;5110,61081100,fta
2050;2110;2150;2230;2470;4890;5110,61081910,fta
2050;2110;2150;2230;2470;4890;5110,61081990,fta
2050;2110;2150;2230;2470;4890;5110,61082100,fta
2050;2110;2150;2230;2470;4890;5110,61082210,fta
2050;2110;2150;2230;2470;4890;5110,61082290,fta
2050;2110;2150;2230;2470;4890;5110,61082910,fta
2050;2110;2150;2230;2470;4890;5110,61082990,fta
2050;2110;2150;2230;2470;4890;5110,61083100,fta
2050;2110;2150;2230;2470;4890;5110,61083200,fta
2050;2110;2150;2230;2470;4890;5110,61083910,fta
2050;2110;2150;2230;2470;4890;5110,61083940,fta
2050;2110;2150;2230;2470;4890;5110,61083980,fta
2050;2110;2150;2230;2470;4890;5110,61089100,fta
2050;2110;2150;2230;2470;4890;5110,61089200,fta
2050;2110;2150;2230;2470;4890;5110,61089920,fta
2050;2110;2150;2230;2470;4890;5110,61089950,fta
2050;2110;2150;2230;2470;4890;5110,61089990,fta
2050;2110;2150;2230;2470;4890;5110,61091000,fta
2050;2110;2150;2230;2470;4890;5110,61099010,fta
2050;2110;2150;2230;2470;4890;5110,61099015,fta
2050;2110;2150;2230;2470;4890;5110,61099040,fta
2050;2110;2150;2230;2470;4890;5110,61099080,fta
2050;2110;2150;2230;2470;4890;5110,61101100,fta
2050;2110;2150;2230;2470;4890;5110,61101210,fta
2050;2110;2150;2230;2470;4890;5110,61101220,fta
2050;2110;2150;2230;2470;4890;5110,61101900,fta
2050;2110;2150;2230;2470;4890;5110,61102010,fta
2050;2110;2150;2230;2470;4890;5110,61102020,fta
2050;2110;2150;2230;2470;4890;5110,61103010,fta
2050;2110;2150;2230;2470;4890;5110,61103015,fta
2050;2110;2150;2230;2470;4890;5110,61103020,fta
2050;2110;2150;2230;2470;4890;5110,61103030,fta
2050;2110;2150;2230;2470;4890;5110,61109010,fta
2050;2110;2150;2230;2470;4890;5110,61109090,fta
2050;2110;2150;2230;2470;4890;5110,61112010,fta
2050;2110;2150;2230;2470;4890;5110,61112020,fta
2050;2110;2150;2230;2470;4890;5110,61112030,fta
2050;2110;2150;2230;2470;4890;5110,61112040,fta
2050;2110;2150;2230;2470;4890;5110,61112050,fta
2050;2110;2150;2230;2470;4890;5110,61112060,fta
2050;2110;2150;2230;2470;4890;5110,61113010,fta
2050;2110;2150;2230;2470;4890;5110,61113020,fta
2050;2110;2150;2230;2470;4890;5110,61113030,fta
2050;2110;2150;2230;2470;4890;5110,61113040,fta
2050;2110;2150;2230;2470;4890;5110,61113050,fta
2050;2110;2150;2230;2470;4890;5110,61119005,fta
2050;2110;2150;2230;2470;4890;5110,61119010,fta
2050;2110;2150;2230;2470;4890;5110,61119020,fta
2050;2110;2150;2230;2470;4890;5110,61119030,fta
2050;2110;2150;2230;2470;4890;5110,61119040,fta
2050;2110;2150;2230;2470;4890;5110,61119050,fta
2050;2110;2150;2230;2470;4890;5110,61119070,fta
2050;2110;2150;2230;2470;4890;5110,61119090,fta
2050;2110;2150;2230;2470;4890;5110,61121100,fta
2050;2110;2150;2230;2470;4890;5110,61121200,fta
2050;2110;2150;2230;2470;4890;5110,61121910,fta
2050;2110;2150;2230;2470;4890;5110,61121940,fta
2050;2110;2150;2230;2470;4890;5110,61121980,fta
2050;2110;2150;2230;2470;4890;5110,61122010,fta
2050;2110;2150;2230;2470;4890;5110,61122020,fta
2050;2110;2150;2230;2470;4890;5110,61123100,fta
2050;2110;2150;2230;2470;4890;5110,61123900,fta
2050;2110;2150;2230;2470;4890;5110,61124100,fta
2050;2110;2150;2230;2470;4890;5110,61124900,fta
2050;2110;2150;2230;2470;4890;5110,61130010,fta
2050;2110;2150;2230;2470;4890;5110,61130090,fta
2050;2110;2150;2230;2470;4890;5110,61142000,fta
2050;2110;2150;2230;2470;4890;5110,61143010,fta
2050;2110;2150;2230;2470;4890;5110,61143020,fta
2050;2110;2150;2230;2470;4890;5110,61143030,fta
2050;2110;2150;2230;2470;4890;5110,61149005,fta
2050;2110;2150;2230;2470;4890;5110,61149010,fta
2050;2110;2150;2230;2470;4890;5110,61149090,fta
2050;2110;2150;2230;2470;4890;5110,61152100,fta
2050;2110;2150;2230;2470;4890;5110,61152200,fta
2050;2110;2150;2230;2470;4890;5110,61152940,fta
2050;2110;2150;2230;2470;4890;5110,61152980,fta
2050;2110;2150;2230;2470;4890;5110,61153010,fta
2050;2110;2150;2230;2470;4890;5110,61153090,fta
2050;2110;2150;2230;2470;4890;5110,61159400,fta
2050;2110;2150;2230;2470;4890;5110,61159560,fta
2050;2110;2150;2230;2470;4890;5110,61159590,fta
2050;2110;2150;2230;2470;4890;5110,61159660,fta
2050;2110;2150;2230;2470;4890;5110,61159690,fta
2050;2110;2150;2230;2470;4890;5110,61159914,fta
2050;2110;2150;2230;2470;4890;5110,61159919,fta
2050;2110;2150;2230;2470;4890;5110,61159940,fta
2050;2110;2150;2230;2470;4890;5110,61159990,fta
2050;2110;2150;2230;2470;4890;5110,61161005,fta
2050;2110;2150;2230;2470;4890;5110,61161008,fta
2050;2110;2150;2230;2470;4890;5110,61161013,fta
2050;2110;2150;2230;2470;4890;5110,61161017,fta
2050;2110;2150;2230;2470;4890;5110,61161044,fta
2050;2110;2150;2230;2470;4890;5110,61161048,fta
2050;2110;2150;2230;2470;4890;5110,61161055,fta
2050;2110;2150;2230;2470;4890;5110,61161065,fta
2050;2110;2150;2230;2470;4890;5110,61161075,fta
2050;2110;2150;2230;2470;4890;5110,61161095,fta
2050;2110;2150;2230;2470;4890;5110,61169100,fta
2050;2110;2150;2230;2470;4890;5110,61169205,fta
2050;2110;2150;2230;2470;4890;5110,61169208,fta
2050;2110;2150;2230;2470;4890;5110,61169264,fta
2050;2110;2150;2230;2470;4890;5110,61169274,fta
2050;2110;2150;2230;2470;4890;5110,61169288,fta
2050;2110;2150;2230;2470;4890;5110,61169294,fta
2050;2110;2150;2230;2470;4890;5110,61169305,fta
2050;2110;2150;2230;2470;4890;5110,61169308,fta
2050;2110;2150;2230;2470;4890;5110,61169364,fta
2050;2110;2150;2230;2470;4890;5110,61169374,fta
2050;2110;2150;2230;2470;4890;5110,61169388,fta
2050;2110;2150;2230;2470;4890;5110,61169394,fta
2050;2110;2150;2230;2470;4890;5110,61169920,fta
2050;2110;2150;2230;2470;4890;5110,61169935,fta
2050;2110;2150;2230;2470;4890;5110,61169948,fta
2050;2110;2150;2230;2470;4890;5110,61169954,fta
2050;2110;2150;2230;2470;4890;5110,61169975,fta
2050;2110;2150;2230;2470;4890;5110,61169995,fta
2050;2110;2150;2230;2470;4890;5110,61171010,fta
2050;2110;2150;2230;2470;4890;5110,61171020,fta
2050;2110;2150;2230;2470;4890;5110,61171040,fta
2050;2110;2150;2230;2470;4890;5110,61171060,fta
2050;2110;2150;2230;2470;4890;5110,61178020,fta
2050;2110;2150;2230;2470;4890;5110,61178030,fta
2050;2110;2150;2230;2470;4890;5110,61178085,fta
2050;2110;2150;2230;2470;4890;5110,61178087,fta
2050;2110;2150;2230;2470;4890;5110,61178095,fta
2050;2110;2150;2230;2470;4890;5110,61179010,fta
2050;2110;2150;2230;2470;4890;5110,61179090,fta
2050;2110;2150;2230;2470;4890;5110,62012011,fta
2050;2110;2150;2230;2470;4890;5110,62012019,fta
2050;2110;2150;2230;2470;4890;5110,62012029,fta
2050;2110;2150;2230;2470;4890;5110,62012035,fta
2050;2110;2150;2230;2470;4890;5110,62012040,fta
2050;2110;2150;2230;2470;4890;5110,62013012,fta
2050;2110;2150;2230;2470;4890;5110,62013020,fta
2050;2110;2150;2230;2470;4890;5110,62013030,fta
2050;2110;2150;2230;2470;4890;5110,62013040,fta
2050;2110;2150;2230;2470;4890;5110,62013050,fta
2050;2110;2150;2230;2470;4890;5110,62013060,fta
2050;2110;2150;2230;2470;4890;5110,62013070,fta
2050;2110;2150;2230;2470;4890;5110,62013080,fta
2050;2110;2150;2230;2470;4890;5110,62014010,fta
2050;2110;2150;2230;2470;4890;5110,62014015,fta
2050;2110;2150;2230;2470;4890;5110,62014020,fta
2050;2110;2150;2230;2470;4890;5110,62014025,fta
2050;2110;2150;2230;2470;4890;5110,62014035,fta
2050;2110;2150;2230;2470;4890;5110,62014040,fta
2050;2110;2150;2230;2470;4890;5110,62014045,fta
2050;2110;2150;2230;2470;4890;5110,62014050,fta
2050;2110;2150;2230;2470;4890;5110,62014055,fta
2050;2110;2150;2230;2470;4890;5110,62014060,fta
2050;2110;2150;2230;2470;4890;5110,62014065,fta
2050;2110;2150;2230;2470;4890;5110,62014070,fta
2050;2110;2150;2230;2470;4890;5110,62014075,fta
2050;2110;2150;2230;2470;4890;5110,62019019,fta
2050;2110;2150;2230;2470;4890;5110,62019029,fta
2050;2110;2150;2230;2470;4890;5110,62019039,fta
2050;2110;2150;2230;2470;4890;5110,62019049,fta
2050;2110;2150;2230;2470;4890;5110,62019059,fta
2050;2110;2150;2230;2470;4890;5110,62019069,fta
2050;2110;2150;2230;2470;4890;5110,62022011,fta
2050;2110;2150;2230;2470;4890;5110,62022019,fta
2050;2110;2150;2230;2470;4890;5110,62022029,fta
2050;2110;2150;2230;2470;4890;5110,62022035,fta
2050;2110;2150;2230;2470;4890;5110,62022040,fta
2050;2110;2150;2230;2470;4890;5110,62023012,fta
2050;2110;2150;2230;2470;4890;5110,62023020,fta
2050;2110;2150;2230;2470;4890;5110,62023030,fta
2050;2110;2150;2230;2470;4890;5110,62023040,fta
2050;2110;2150;2230;2470;4890;5110,62023050,fta
2050;2110;2150;2230;2470;4890;5110,62023060,fta
2050;2110;2150;2230;2470;4890;5110,62023070,fta
2050;2110;2150;2230;2470;4890;5110,62023080,fta
2050;2110;2150;2230;2470;4890;5110,62024010,fta
2050;2110;2150;2230;2470;4890;5110,62024015,fta
2050;2110;2150;2230;2470;4890;5110,62024020,fta
2050;2110;2150;2230;2470;4890;5110,62024025,fta
2050;2110;2150;2230;2470;4890;5110,62024035,fta
2050;2110;2150;2230;2470;4890;5110,62024040,fta
2050;2110;2150;2230;2470;4890;5110,62024045,fta
2050;2110;2150;2230;2470;4890;5110,62024050,fta
2050;2110;2150;2230;2470;4890;5110,62024055,fta
2050;2110;2150;2230;2470;4890;5110,62024060,fta
2050;2110;2150;2230;2470;4890;5110,62024065,fta
2050;2110;2150;2230;2470;4890;5110,62024070,fta
2050;2110;2150;2230;2470;4890;5110,62024075,fta
2050;2110;2150;2230;2470;4890;5110,62029019,fta
2050;2110;2150;2230;2470;4890;5110,62029029,fta
2050;2110;2150;2230;2470;4890;5110,62029039,fta
2050;2110;2150;2230;2470;4890;5110,62029049,fta
2050;2110;2150;2230;2470;4890;5110,62029059,fta
2050;2110;2150;2230;2470;4890;5110,62029069,fta
2050;2110;2150;2230;2470;4890;5110,62031115,fta
2050;2110;2150;2230;2470;4890;5110,62031130,fta
2050;2110;2150;2230;2470;4890;5110,62031160,fta
2050;2110;2150;2230;2470;4890;5110,62031190,fta
2050;2110;2150;2230;2470;4890;5110,62031210,fta
2050;2110;2150;2230;2470;4890;5110,62031220,fta
2050;2110;2150;2230;2470;4890;5110,62031910,fta
2050;2110;2150;2230;2470;4890;5110,62031920,fta
2050;2110;2150;2230;2470;4890;5110,62031930,fta
2050;2110;2150;2230;2470;4890;5110,62031950,fta
2050;2110;2150;2230;2470;4890;5110,62031990,fta
2050;2110;2150;2230;2470;4890;5110,62032210,fta
2050;2110;2150;2230;2470;4890;5110,62032230,fta
2050;2110;2150;2230;2470;4890;5110,62032300,fta
2050;2110;2150;2230;2470;4890;5110,62032910,fta
2050;2110;2150;2230;2470;4890;5110,62032915,fta
2050;2110;2150;2230;2470;4890;5110,62032920,fta
2050;2110;2150;2230;2470;4890;5110,62032930,fta
2050;2110;2150;2230;2470;4890;5110,62033150,fta
2050;2110;2150;2230;2470;4890;5110,62033190,fta
2050;2110;2150;2230;2470;4890;5110,62033210,fta
2050;2110;2150;2230;2470;4890;5110,62033220,fta
2050;2110;2150;2230;2470;4890;5110,62033310,fta
2050;2110;2150;2230;2470;4890;5110,62033320,fta
2050;2110;2150;2230;2470;4890;5110,62033910,fta
2050;2110;2150;2230;2470;4890;5110,62033920,fta
2050;2110;2150;2230;2470;4890;5110,62033950,fta
2050;2110;2150;2230;2470;4890;5110,62033990,fta
2050;2110;2150;2230;2470;4890;5110,62034101,fta
2050;2110;2150;2230;2470;4890;5110,62034103,fta
2050;2110;2150;2230;2470;4890;5110,62034106,fta
2050;2110;2150;2230;2470;4890;5110,62034108,fta
2050;2110;2150;2230;2470;4890;5110,62034125,fta
2050;2110;2150;2230;2470;4890;5110,62034130,fta
2050;2110;2150;2230;2470;4890;5110,62034160,fta
2050;2110;2150;2230;2470;4890;5110,62034180,fta
2050;2110;2150;2230;2470;4890;5110,62034203,fta
2050;2110;2150;2230;2470;4890;5110,62034205,fta
2050;2110;2150;2230;2470;4890;5110,62034207,fta
2050;2110;2150;2230;2470;4890;5110,62034217,fta
2050;2110;2150;2230;2470;4890;5110,62034225,fta
2050;2110;2150;2230;2470;4890;5110,62034245,fta
2050;2110;2150;2230;2470;4890;5110,62034301,fta
2050;2110;2150;2230;2470;4890;5110,62034303,fta
2050;2110;2150;2230;2470;4890;5110,62034305,fta
2050;2110;2150;2230;2470;4890;5110,62034309,fta
2050;2110;2150;2230;2470;4890;5110,62034311,fta
2050;2110;2150;2230;2470;4890;5110,62034313,fta
2050;2110;2150;2230;2470;4890;5110,62034345,fta
2050;2110;2150;2230;2470;4890;5110,62034355,fta
2050;2110;2150;2230;2470;4890;5110,62034360,fta
2050;2110;2150;2230;2470;4890;5110,62034365,fta
2050;2110;2150;2230;2470;4890;5110,62034370,fta
2050;2110;2150;2230;2470;4890;5110,62034375,fta
2050;2110;2150;2230;2470;4890;5110,62034390,fta
2050;2110;2150;2230;2470;4890;5110,62034901,fta
2050;2110;2150;2230;2470;4890;5110,62034905,fta
2050;2110;2150;2230;2470;4890;5110,62034907,fta
2050;2110;2150;2230;2470;4890;5110,62034909,fta
2050;2110;2150;2230;2470;4890;5110,62034925,fta
2050;2110;2150;2230;2470;4890;5110,62034935,fta
2050;2110;2150;2230;2470;4890;5110,62034950,fta
2050;2110;2150;2230;2470;4890;5110,62034960,fta
2050;2110;2150;2230;2470;4890;5110,62034990,fta
2050;2110;2150;2230;2470;4890;5110,62041100,fta
2050;2110;2150;2230;2470;4890;5110,62041200,fta
2050;2110;2150;2230;2470;4890;5110,62041310,fta
2050;2110;2150;2230;2470;4890;5110,62041320,fta
2050;2110;2150;2230;2470;4890;5110,62041910,fta
2050;2110;2150;2230;2470;4890;5110,62041920,fta
2050;2110;2150;2230;2470;4890;5110,62041940,fta
2050;2110;2150;2230;2470;4890;5110,62041980,fta
2050;2110;2150;2230;2470;4890;5110,62042100,fta
2050;2110;2150;2230;2470;4890;5110,62042210,fta
2050;2110;2150;2230;2470;4890;5110,62042230,fta
2050;2110;2150;2230;2470;4890;5110,62042300,fta
2050;2110;2150;2230;2470;4890;5110,62042920,fta
2050;2110;2150;2230;2470;4890;5110,62042940,fta
2050;2110;2150;2230;2470;4890;5110,62043110,fta
2050;2110;2150;2230;2470;4890;5110,62043120,fta
2050;2110;2150;2230;2470;4890;5110,62043210,fta
2050;2110;2150;2230;2470;4890;5110,62043220,fta
2050;2110;2150;2230;2470;4890;5110,62043310,fta
2050;2110;2150;2230;2470;4890;5110,62043320,fta
2050;2110;2150;2230;2470;4890;5110,62043340,fta
2050;2110;2150;2230;2470;4890;5110,62043350,fta
2050;2110;2150;2230;2470;4890;5110,62043920,fta
2050;2110;2150;2230;2470;4890;5110,62043930,fta
2050;2110;2150;2230;2470;4890;5110,62043960,fta
2050;2110;2150;2230;2470;4890;5110,62043980,fta
2050;2110;2150;2230;2470;4890;5110,62044110,fta
2050;2110;2150;2230;2470;4890;5110,62044120,fta
2050;2110;2150;2230;2470;4890;5110,62044210,fta
2050;2110;2150;2230;2470;4890;5110,62044220,fta
2050;2110;2150;2230;2470;4890;5110,62044230,fta
2050;2110;2150;2230;2470;4890;5110,62044310,fta
2050;2110;2150;2230;2470;4890;5110,62044320,fta
2050;2110;2150;2230;2470;4890;5110,62044330,fta
2050;2110;2150;2230;2470;4890;5110,62044340,fta
2050;2110;2150;2230;2470;4890;5110,62044420,fta
2050;2110;2150;2230;2470;4890;5110,62044430,fta
2050;2110;2150;2230;2470;4890;5110,62044440,fta
2050;2110;2150;2230;2470;4890;5110,62044910,fta
2050;2110;2150;2230;2470;4890;5110,62044950,fta
2050;2110;2150;2230;2470;4890;5110,62045100,fta
2050;2110;2150;2230;2470;4890;5110,62045210,fta
2050;2110;2150;2230;2470;4890;5110,62045220,fta
2050;2110;2150;2230;2470;4890;5110,62045310,fta
2050;2110;2150;2230;2470;4890;5110,62045320,fta
2050;2110;2150;2230;2470;4890;5110,62045330,fta
2050;2110;2150;2230;2470;4890;5110,62045910,fta
2050;2110;2150;2230;2470;4890;5110,62045920,fta
2050;2110;2150;2230;2470;4890;5110,62045930,fta
2050;2110;2150;2230;2470;4890;5110,62045940,fta
2050;2110;2150;2230;2470;4890;5110,62046105,fta
2050;2110;2150;2230;2470;4890;5110,62046115,fta
2050;2110;2150;2230;2470;4890;5110,62046160,fta
2050;2110;2150;2230;2470;4890;5110,62046180,fta
2050;2110;2150;2230;2470;4890;5110,62046203,fta
2050;2110;2150;2230;2470;4890;5110,62046205,fta
2050;2110;2150;2230;2470;4890;5110,62046215,fta
2050;2110;2150;2230;2470;4890;5110,62046250,fta
2050;2110;2150;2230;2470;4890;5110,62046260,fta
2050;2110;2150;2230;2470;4890;5110,62046270,fta
2050;2110;2150;2230;2470;4890;5110,62046280,fta
2050;2110;2150;2230;2470;4890;5110,62046301,fta
2050;2110;2150;2230;2470;4890;5110,62046302,fta
2050;2110;2150;2230;2470;4890;5110,62046303,fta
2050;2110;2150;2230;2470;4890;5110,62046308,fta
2050;2110;2150;2230;2470;4890;5110,62046309,fta
2050;2110;2150;2230;2470;4890;5110,62046311,fta
2050;2110;2150;2230;2470;4890;5110,62046350,fta
2050;2110;2150;2230;2470;4890;5110,62046355,fta
2050;2110;2150;2230;2470;4890;5110,62046360,fta
2050;2110;2150;2230;2470;4890;5110,62046365,fta
2050;2110;2150;2230;2470;4890;5110,62046370,fta
2050;2110;2150;2230;2470;4890;5110,62046375,fta
2050;2110;2150;2230;2470;4890;5110,62046390,fta
2050;2110;2150;2230;2470;4890;5110,62046901,fta
2050;2110;2150;2230;2470;4890;5110,62046902,fta
2050;2110;2150;2230;2470;4890;5110,62046903,fta
2050;2110;2150;2230;2470;4890;5110,62046904,fta
2050;2110;2150;2230;2470;4890;5110,62046905,fta
2050;2110;2150;2230;2470;4890;5110,62046906,fta
2050;2110;2150;2230;2470;4890;5110,62046915,fta
2050;2110;2150;2230;2470;4890;5110,62046922,fta
2050;2110;2150;2230;2470;4890;5110,62046928,fta
2050;2110;2150;2230;2470;4890;5110,62046945,fta
2050;2110;2150;2230;2470;4890;5110,62046965,fta
2050;2110;2150;2230;2470;4890;5110,62046980,fta
2050;2110;2150;2230;2470;4890;5110,62052010,fta
2050;2110;2150;2230;2470;4890;5110,62052020,fta
2050;2110;2150;2230;2470;4890;5110,62053010,fta
2050;2110;2150;2230;2470;4890;5110,62053015,fta
2050;2110;2150;2230;2470;4890;5110,62053020,fta
2050;2110;2150;2230;2470;4890;5110,62059005,fta
2050;2110;2150;2230;2470;4890;5110,62059007,fta
2050;2110;2150;2230;2470;4890;5110,62059010,fta
2050;2110;2150;2230;2470;4890;5110,62059030,fta
2050;2110;2150;2230;2470;4890;5110,62059040,fta
2050;2110;2150;2230;2470;4890;5110,62061000,fta
2050;2110;2150;2230;2470;4890;5110,62062010,fta
2050;2110;2150;2230;2470;4890;5110,62062020,fta
2050;2110;2150;2230;2470;4890;5110,62062030,fta
2050;2110;2150;2230;2470;4890;5110,62063010,fta
2050;2110;2150;2230;2470;4890;5110,62063020,fta
2050;2110;2150;2230;2470;4890;5110,62063030,fta
2050;2110;2150;2230;2470;4890;5110,62064010,fta
2050;2110;2150;2230;2470;4890;5110,62064020,fta
2050;2110;2150;2230;2470;4890;5110,62064025,fta
2050;2110;2150;2230;2470;4890;5110,62064030,fta
2050;2110;2150;2230;2470;4890;5110,62069000,fta
2050;2110;2150;2230;2470;4890;5110,62071100,fta
2050;2110;2150;2230;2470;4890;5110,62071910,fta
2050;2110;2150;2230;2470;4890;5110,62071990,fta
2050;2110;2150;2230;2470;4890;5110,62072100,fta
2050;2110;2150;2230;2470;4890;5110,62072200,fta
2050;2110;2150;2230;2470;4890;5110,62072910,fta
2050;2110;2150;2230;2470;4890;5110,62072990,fta
2050;2110;2150;2230;2470;4890;5110,62079110,fta
2050;2110;2150;2230;2470;4890;5110,62079130,fta
2050;2110;2150;2230;2470;4890;5110,62079920,fta
2050;2110;2150;2230;2470;4890;5110,62079940,fta
2050;2110;2150;2230;2470;4890;5110,62079970,fta
2050;2110;2150;2230;2470;4890;5110,62079975,fta
2050;2110;2150;2230;2470;4890;5110,62079985,fta
2050;2110;2150;2230;2470;4890;5110,62079990,fta
2050;2110;2150;2230;2470;4890;5110,62081100,fta
2050;2110;2150;2230;2470;4890;5110,62081920,fta
2050;2110;2150;2230;2470;4890;5110,62081950,fta
2050;2110;2150;2230;2470;4890;5110,62081990,fta
2050;2110;2150;2230;2470;4890;5110,62082100,fta
2050;2110;2150;2230;2470;4890;5110,62082200,fta
2050;2110;2150;2230;2470;4890;5110,62082910,fta
2050;2110;2150;2230;2470;4890;5110,62082990,fta
2050;2110;2150;2230;2470;4890;5110,62089110,fta
2050;2110;2150;2230;2470;4890;5110,62089130,fta
2050;2110;2150;2230;2470;4890;5110,62089200,fta
2050;2110;2150;2230;2470;4890;5110,62089920,fta
2050;2110;2150;2230;2470;4890;5110,62089930,fta
2050;2110;2150;2230;2470;4890;5110,62089950,fta
2050;2110;2150;2230;2470;4890;5110,62089980,fta
2050;2110;2150;2230;2470;4890;5110,62092010,fta
2050;2110;2150;2230;2470;4890;5110,62092020,fta
2050;2110;2150;2230;2470;4890;5110,62092030,fta
2050;2110;2150;2230;2470;4890;5110,62092050,fta
2050;2110;2150;2230;2470;4890;5110,62093010,fta
2050;2110;2150;2230;2470;4890;5110,62093020,fta
2050;2110;2150;2230;2470;4890;5110,62093030,fta
2050;2110;2150;2230;2470;4890;5110,62099005,fta
2050;2110;2150;2230;2470;4890;5110,62099010,fta
2050;2110;2150;2230;2470;4890;5110,62099020,fta
2050;2110;2150;2230;2470;4890;5110,62099030,fta
2050;2110;2150;2230;2470;4890;5110,62099050,fta
2050;2110;2150;2230;2470;4890;5110,62099090,fta
2050;2110;2150;2230;2470;4890;5110,62101020,fta
2050;2110;2150;2230;2470;4890;5110,62101050,fta
2050;2110;2150;2230;2470;4890;5110,62101070,fta
2050;2110;2150;2230;2470;4890;5110,62101090,fta
2050;2110;2150;2230;2470;4890;5110,62102030,fta
2050;2110;2150;2230;2470;4890;5110,62102050,fta
2050;2110;2150;2230;2470;4890;5110,62102070,fta
2050;2110;2150;2230;2470;4890;5110,62102090,fta
2050;2110;2150;2230;2470;4890;5110,62103030,fta
2050;2110;2150;2230;2470;4890;5110,62103050,fta
2050;2110;2150;2230;2470;4890;5110,62103070,fta
2050;2110;2150;2230;2470;4890;5110,62103090,fta
2050;2110;2150;2230;2470;4890;5110,62104015,fta
2050;2110;2150;2230;2470;4890;5110,62104025,fta
2050;2110;2150;2230;2470;4890;5110,62104028,fta
2050;2110;2150;2230;2470;4890;5110,62104029,fta
2050;2110;2150;2230;2470;4890;5110,62104035,fta
2050;2110;2150;2230;2470;4890;5110,62104055,fta
2050;2110;2150;2230;2470;4890;5110,62104075,fta
2050;2110;2150;2230;2470;4890;5110,62104080,fta
2050;2110;2150;2230;2470;4890;5110,62105003,fta
2050;2110;2150;2230;2470;4890;5110,62105005,fta
2050;2110;2150;2230;2470;4890;5110,62105012,fta
2050;2110;2150;2230;2470;4890;5110,62105022,fta
2050;2110;2150;2230;2470;4890;5110,62105035,fta
2050;2110;2150;2230;2470;4890;5110,62105055,fta
2050;2110;2150;2230;2470;4890;5110,62105075,fta
2050;2110;2150;2230;2470;4890;5110,62105080,fta
2050;2110;2150;2230;2470;4890;5110,62111110,fta
2050;2110;2150;2230;2470;4890;5110,62111140,fta
2050;2110;2150;2230;2470;4890;5110,62111180,fta
2050;2110;2150;2230;2470;4890;5110,62111210,fta
2050;2110;2150;2230;2470;4890;5110,62111240,fta
2050;2110;2150;2230;2470;4890;5110,62111280,fta
2050;2110;2150;2230;2470;4890;5110,62112004,fta
2050;2110;2150;2230;2470;4890;5110,62112008,fta
2050;2110;2150;2230;2470;4890;5110,62112015,fta
2050;2110;2150;2230;2470;4890;5110,62112024,fta
2050;2110;2150;2230;2470;4890;5110,62112028,fta
2050;2110;2150;2230;2470;4890;5110,62112034,fta
2050;2110;2150;2230;2470;4890;5110,62112038,fta
2050;2110;2150;2230;2470;4890;5110,62112044,fta
2050;2110;2150;2230;2470;4890;5110,62112048,fta
2050;2110;2150;2230;2470;4890;5110,62112054,fta
2050;2110;2150;2230;2470;4890;5110,62112058,fta
2050;2110;2150;2230;2470;4890;5110,62112064,fta
2050;2110;2150;2230;2470;4890;5110,62112068,fta
2050;2110;2150;2230;2470;4890;5110,62112074,fta
2050;2110;2150;2230;2470;4890;5110,62112078,fta
2050;2110;2150;2230;2470;4890;5110,62113250,fta
2050;2110;2150;2230;2470;4890;5110,62113290,fta
2050;2110;2150;2230;2470;4890;5110,62113350,fta
2050;2110;2150;2230;2470;4890;5110,62113390,fta
2050;2110;2150;2230;2470;4890;5110,62113903,fta
2050;2110;2150;2230;2470;4890;5110,62113907,fta
2050;2110;2150;2230;2470;4890;5110,62113915,fta
2050;2110;2150;2230;2470;4890;5110,62113930,fta
2050;2110;2150;2230;2470;4890;5110,62113960,fta
2050;2110;2150;2230;2470;4890;5110,62113980,fta
2050;2110;2150;2230;2470;4890;5110,62114205,fta
2050;2110;2150;2230;2470;4890;5110,62114210,fta
2050;2110;2150;2230;2470;4890;5110,62114305,fta
2050;2110;2150;2230;2470;4890;5110,62114310,fta
2050;2110;2150;2230;2470;4890;5110,62114903,fta
2050;2110;2150;2230;2470;4890;5110,62114915,fta
2050;2110;2150;2230;2470;4890;5110,62114925,fta
2050;2110;2150;2230;2470;4890;5110,62114950,fta
2050;2110;2150;2230;2470;4890;5110,62114960,fta
2050;2110;2150;2230;2470;4890;5110,62114980,fta
2050;2110;2150;2230;2470;4890;5110,62121030,fta
2050;2110;2150;2230;2470;4890;5110,62121050,fta
2050;2110;2150;2230;2470;4890;5110,62121070,fta
2050;2110;2150;2230;2470;4890;5110,62121090,fta
2050;2110;2150;2230;2470;4890;5110,62122000,fta
2050;2110;2150;2230;2470;4890;5110,62123000,fta
2050;2110;2150;2230;2470;4890;5110,62129000,fta
2050;2110;2150;2230;2470;4890;5110,62132010,fta
2050;2110;2150;2230;2470;4890;5110,62132020,fta
2050;2110;2150;2230;2470;4890;5110,62139005,fta
2050;2110;2150;2230;2470;4890;5110,62139007,fta
2050;2110;2150;2230;2470;4890;5110,62139010,fta
2050;2110;2150;2230;2470;4890;5110,62139020,fta
2050;2110;2150;2230;2470;4890;5110,62141010,fta
2050;2110;2150;2230;2470;4890;5110,62141020,fta
2050;2110;2150;2230;2470;4890;5110,62142000,fta
2050;2110;2150;2230;2470;4890;5110,62143000,fta
2050;2110;2150;2230;2470;4890;5110,62144000,fta
2050;2110;2150;2230;2470;4890;5110,62149000,fta
2050;2110;2150;2230;2470;4890;5110,62151000,fta
2050;2110;2150;2230;2470;4890;5110,62152000,fta
2050;2110;2150;2230;2470;4890;5110,62159000,fta
2050;2110;2150;2230;2470;4890;5110,62160005,fta
2050;2110;2150;2230;2470;4890;5110,62160008,fta
2050;2110;2150;2230;2470;4890;5110,62160013,fta
2050;2110;2150;2230;2470;4890;5110,62160017,fta
2050;2110;2150;2230;2470;4890;5110,62160019,fta
2050;2110;2150;2230;2470;4890;5110,62160021,fta
2050;2110;2150;2230;2470;4890;5110,62160024,fta
2050;2110;2150;2230;2470;4890;5110,62160026,fta
2050;2110;2150;2230;2470;4890;5110,62160029,fta
2050;2110;2150;2230;2470;4890;5110,62160031,fta
2050;2110;2150;2230;2470;4890;5110,62160033,fta
2050;2110;2150;2230;2470;4890;5110,62160035,fta
2050;2110;2150;2230;2470;4890;5110,62160038,fta
2050;2110;2150;2230;2470;4890;5110,62160041,fta
2050;2110;2150;2230;2470;4890;5110,62160043,fta
2050;2110;2150;2230;2470;4890;5110,62160046,fta
2050;2110;2150;2230;2470;4890;5110,62160054,fta
2050;2110;2150;2230;2470;4890;5110,62160058,fta
2050;2110;2150;2230;2470;4890;5110,62160080,fta
2050;2110;2150;2230;2470;4890;5110,62160090,fta
2050;2110;2150;2230;2470;4890;5110,62171010,fta
2050;2110;2150;2230;2470;4890;5110,62171085,fta
2050;2110;2150;2230;2470;4890;5110,62171095,fta
2050;2110;2150;2230;2470;4890;5110,62179010,fta
2050;2110;2150;2230;2470;4890;5110,62179090,fta
2050;2110;2150;2230;2470;4890;5110,63011000,fta
2050;2110;2150;2230;2470;4890;5110,63012000,fta
2050;2110;2150;2230;2470;4890;5110,63013000,fta
2050;2110;2150;2230;2470;4890;5110,63014000,fta
2050;2110;2150;2230;2470;4890;5110,63019000,fta
2050;2110;2150;2230;2470;4890;5110,63021000,fta
2050;2110;2150;2230;2470;4890;5110,63022130,fta
2050;2110;2150;2230;2470;4890;5110,63022150,fta
2050;2110;2150;2230;2470;4890;5110,63022170,fta
2050;2110;2150;2230;2470;4890;5110,63022190,fta
2050;2110;2150;2230;2470;4890;5110,63022210,fta
2050;2110;2150;2230;2470;4890;5110,63022220,fta
2050;2110;2150;2230;2470;4890;5110,63022900,fta
2050;2110;2150;2230;2470;4890;5110,63023130,fta
2050;2110;2150;2230;2470;4890;5110,63023150,fta
2050;2110;2150;2230;2470;4890;5110,63023170,fta
2050;2110;2150;2230;2470;4890;5110,63023190,fta
2050;2110;2150;2230;2470;4890;5110,63023210,fta
2050;2110;2150;2230;2470;4890;5110,63023220,fta
2050;2110;2150;2230;2470;4890;5110,63023900,fta
2050;2110;2150;2230;2470;4890;5110,63024010,fta
2050;2110;2150;2230;2470;4890;5110,63024020,fta
2050;2110;2150;2230;2470;4890;5110,63025110,fta
2050;2110;2150;2230;2470;4890;5110,63025120,fta
2050;2110;2150;2230;2470;4890;5110,63025130,fta
2050;2110;2150;2230;2470;4890;5110,63025140,fta
2050;2110;2150;2230;2470;4890;5110,63025300,fta
2050;2110;2150;2230;2470;4890;5110,63025910,fta
2050;2110;2150;2230;2470;4890;5110,63025920,fta
2050;2110;2150;2230;2470;4890;5110,63025930,fta
2050;2110;2150;2230;2470;4890;5110,63026000,fta
2050;2110;2150;2230;2470;4890;5110,63029100,fta
2050;2110;2150;2230;2470;4890;5110,63029310,fta
2050;2110;2150;2230;2470;4890;5110,63029320,fta
2050;2110;2150;2230;2470;4890;5110,63029910,fta
2050;2110;2150;2230;2470;4890;5110,63029915,fta
2050;2110;2150;2230;2470;4890;5110,63029920,fta
2050;2110;2150;2230;2470;4890;5110,63031200,fta
2050;2110;2150;2230;2470;4890;5110,63031911,fta
2050;2110;2150;2230;2470;4890;5110,63031921,fta
2050;2110;2150;2230;2470;4890;5110,63039100,fta
2050;2110;2150;2230;2470;4890;5110,63039210,fta
2050;2110;2150;2230;2470;4890;5110,63039220,fta
2050;2110;2150;2230;2470;4890;5110,63039900,fta
2050;2110;2150;2230;2470;4890;5110,63041110,fta
2050;2110;2150;2230;2470;4890;5110,63041120,fta
2050;2110;2150;2230;2470;4890;5110,63041130,fta
2050;2110;2150;2230;2470;4890;5110,63041905,fta
2050;2110;2150;2230;2470;4890;5110,63041910,fta
2050;2110;2150;2230;2470;4890;5110,63041915,fta
2050;2110;2150;2230;2470;4890;5110,63041920,fta
2050;2110;2150;2230;2470;4890;5110,63041930,fta
2050;2110;2150;2230;2470;4890;5110,63042000,fta
2050;2110;2150;2230;2470;4890;5110,63049101,fta
2050;2110;2150;2230;2470;4890;5110,63049200,fta
2050;2110;2150;2230;2470;4890;5110,63049300,fta
2050;2110;2150;2230;2470;4890;5110,63049910,fta
2050;2110;2150;2230;2470;4890;5110,63049915,fta
2050;2110;2150;2230;2470;4890;5110,63049925,fta
2050;2110;2150;2230;2470;4890;5110,63049935,fta
2050;2110;2150;2230;2470;4890;5110,63049940,fta
2050;2110;2150;2230;2470;4890;5110,63049960,fta
2050;2110;2150;2230;2470;4890;5110,63051000,fta
2050;2110;2150;2230;2470;4890;5110,63052000,fta
2050;2110;2150;2230;2470;4890;5110,63053200,fta
2050;2110;2150;2230;2470;4890;5110,63053300,fta
2050;2110;2150;2230;2470;4890;5110,63053900,fta
2050;2110;2150;2230;2470;4890;5110,63059000,fta
2050;2110;2150;2230;2470;4890;5110,63061200,fta
2050;2110;2150;2230;2470;4890;5110,63061911,fta
2050;2110;2150;2230;2470;4890;5110,63061921,fta
2050;2110;2150;2230;2470;4890;5110,63062210,fta
2050;2110;2150;2230;2470;4890;5110,63062290,fta
2050;2110;2150;2230;2470;4890;5110,63062911,fta
2050;2110;2150;2230;2470;4890;5110,63062921,fta
2050;2110;2150;2230;2470;4890;5110,63063000,fta
2050;2110;2150;2230;2470;4890;5110,63064041,fta
2050;2110;2150;2230;2470;4890;5110,63064049,fta
2050;2110;2150;2230;2470;4890;5110,63069010,fta
2050;2110;2150;2230;2470;4890;5110,63069050,fta
2050;2110;2150;2230;2470;4890;5110,63071010,fta
2050;2110;2150;2230;2470;4890;5110,63071020,fta
2050;2110;2150;2230;2470;4890;5110,63072000,fta
2050;2110;2150;2230;2470;4890;5110,63079030,fta
2050;2110;2150;2230;2470;4890;5110,63079040,fta
2050;2110;2150;2230;2470;4890;5110,63079050,fta
2050;2110;2150;2230;2470;4890;5110,63079060,fta
2050;2110;2150;2230;2470;4890;5110,63079068,fta
2050;2110;2150;2230;2470;4890;5110,63079072,fta
2050;2110;2150;2230;2470;4890;5110,63079075,fta
2050;2110;2150;2230;2470;4890;5110,63079085,fta
2050;2110;2150;2230;2470;4890;5110,63079089,fta
2050;2110;2150;2230;2470;4890;5110,63079098,fta
2050;2110;2150;2230;2470;4890;5110,63080000,fta
2050;2110;2150;2230;2470;4890;5110,63101010,fta
2050;2110;2150;2230;2470;4890;5110,63101020,fta
2050;2110;2150;2230;2470;4890;5110,63109010,fta
2050;2110;2150;2230;2470;4890;5110,63109020,fta
2050;2110;2150;2230;2470;4890;5110,65010030,fta
2050;2110;2150;2230;2470;4890;5110,65010060,fta
2050;2110;2150;2230;2470;4890;5110,65010090,fta
2050;2110;2150;2230;2470;4890;5110,65020020,fta
2050;2110;2150;2230;2470;4890;5110,65020040,fta
2050;2110;2150;2230;2470;4890;5110,65020060,fta
2050;2110;2150;2230;2470;4890;5110,65020090,fta
2050;2110;2150;2230;2470;4890;5110,65040030,fta
2050;2110;2150;2230;2470;4890;5110,65040060,fta
2050;2110;2150;2230;2470;4890;5110,65040090,fta
2050;2110;2150;2230;2470;4890;5110,65050001,fta
2050;2110;2150;2230;2470;4890;5110,65050004,fta
2050;2110;2150;2230;2470;4890;5110,65050008,fta
2050;2110;2150;2230;2470;4890;5110,65050015,fta
2050;2110;2150;2230;2470;4890;5110,65050020,fta
2050;2110;2150;2230;2470;4890;5110,65050025,fta
2050;2110;2150;2230;2470;4890;5110,65050030,fta
2050;2110;2150;2230;2470;4890;5110,65050040,fta
2050;2110;2150;2230;2470;4890;5110,65050050,fta
2050;2110;2150;2230;2470;4890;5110,65050060,fta
2050;2110;2150;2230;2470;4890;5110,65050070,fta
2050;2110;2150;2230;2470;4890;5110,65050080,fta
2050;2110;2150;2230;2470;4890;5110,65050090,fta
2050;2110;2150;2230;2470;4890;5110,65069100,fta
2050;2110;2150;2230;2470;4890;5110,65069930,fta
2050;2110;2150;2230;2470;4890;5110,65069960,fta
2050;2110;2150;2230;2470;4890;5110,65070000,fta
2050;2110;2150;2230;2470;4890;5110,70191100,fta
2050;2110;2150;2230;2470;4890;5110,70191200,fta
2050;2110;2150;2230;2470;4890;5110,70191305,fta
2050;2110;2150;2230;2470;4890;5110,70191315,fta
2050;2110;2150;2230;2470;4890;5110,70191324,fta
2050;2110;2150;2230;2470;4890;5110,70191328,fta
2050;2110;2150;2230;2470;4890;5110,70191335,fta
2050;2110;2150;2230;2470;4890;5110,70191930,fta
2050;2110;2150;2230;2470;4890;5110,70191970,fta
2050;2110;2150;2230;2470;4890;5110,70191991,fta
2050;2110;2150;2230;2470;4890;5110,70196105,fta
2050;2110;2150;2230;2470;4890;5110,70196110,fta
2050;2110;2150;2230;2470;4890;5110,70196130,fta
2050;2110;2150;2230;2470;4890;5110,70196140,fta
2050;2110;2150;2230;2470;4890;5110,70196170,fta
2050;2110;2150;2230;2470;4890;5110,70196190,fta
2050;2110;2150;2230;2470;4890;5110,70196305,fta
2050;2110;2150;2230;2470;4890;5110,70196315,fta
2050;2110;2150;2230;2470;4890;5110,70196330,fta
2050;2110;2150;2230;2470;4890;5110,70196340,fta
2050;2110;2150;2230;2470;4890;5110,70196370,fta
2050;2110;2150;2230;2470;4890;5110,70196390,fta
2050;2110;2150;2230;2470;4890;5110,70196405,fta
2050;2110;2150;2230;2470;4890;5110,70196415,fta
2050;2110;2150;2230;2470;4890;5110,70196430,fta
2050;2110;2150;2230;2470;4890;5110,70196440,fta
2050;2110;2150;2230;2470;4890;5110,70196470,fta
2050;2110;2150;2230;2470;4890;5110,70196490,fta
2050;2110;2150;2230;2470;4890;5110,70196551,fta
2050;2110;2150;2230;2470;4890;5110,70196590,fta
2050;2110;2150;2230;2470;4890;5110,70196630,fta
2050;2110;2150;2230;2470;4890;5110,70196640,fta
2050;2110;2150;2230;2470;4890;5110,70196670,fta
2050;2110;2150;2230;2470;4890;5110,70196690,fta
2050;2110;2150;2230;2470;4890;5110,70196930,fta
2050;2110;2150;2230;2470;4890;5110,70196940,fta
2050;2110;2150;2230;2470;4890;5110,70196970,fta
2050;2110;2150;2230;2470;4890;5110,70196990,fta
2050;2110;2150;2230;2470;4890;5110,94043040,fta
2050;2110;2150;2230;2470;4890;5110,94043080,fta
2050;2110;2150;2230;2470;4890;5110,94044010,fta
2050;2110;2150;2230;2470;4890;5110,94044090,fta
2050;2110;2150;2230;2470;4890;5110,94049010,fta
2050;2110;2150;2230;2470;4890;5110,94049020,fta
2050;2110;2150;2230;2470;4890;5110,94049081,fta
2050;2110;2150;2230;2470;4890;5110,94049096,fta
2110,01061100,full
2110,01062000,full
2110,01063100,full
2110,01063200,full
2110,06042000,full
2110,06049060,full
2110,12122100,full
2110,12122900,full
2110,13012000,full
2110,13021991,full
2110,13023200,full
2110,14049030,full
2110,15111000,full
2110,15132900,full
2110,15153000,full
2110,23065000,full
2110,33013000,full
2110,38231100,full
2110,38231200,full
2110,44034100,full
2110,44092205,full
2110,44092210,full
2110,44092225,full
2110,44092240,full
2110,44092250,full
2110,44092260,full
2110,44092265,full
2110,44092290,full
2110,44123106,full
2110,44123126,full
2110,44123142,full
2110,44123145,full
2110,44123148,full
2110,44123152,full
2110,44123161,full
2110,44123192,full
2110,44124100,full
2110,44125110,full
2110,44125131,full
2110,44125141,full
2110,44125151,full
2110,44129106,full
2110,44129110,full
2110,44129131,full
2110,44129141,full
2110,44129151,full
2110,45011000,full
2110,45019020,full
2110,45019040,full
2110,45020000,full
2110,45031020,full
2110,45031030,full
2110,45031040,full
2110,45031060,full
2110,45039020,full
2110,45039040,full
2110,45039060,full
2110,45041010,full
2110,45041020,full
2110,45041030,full
2110,45041040,full
2110,45041045,full
2110,45041047,full
2110,45041050,full
2110,45049000,full
2110,46012240,full
2110,46012280,full
2110,46012290,full
2110,46012940,full
2110,46019301,full
2110,46019305,full
2110,46019320,full
2110,46021205,full
2110,46021214,full
2110,46021216,full
2110,46021223,full
2110,46021225,full
2110,46021235,full
2110,46021245,full
2110,50040000,full
2110,50050000,full
2110,50060010,full
2110,50060090,full
2110,50071030,full
2110,50071060,full
2110,50072000,full
2110,50079030,full
2110,71011030,full
2110,71011060,full
2110,71021000,full
2110,71023100,full
2110,71023900,full
2110,71031020,full
2110,71031040,full
2110,71039100,full
2110,71039910,full
2110,71039950,full
2110,72051000,full
2110,81129207,full
3310,01061100,full
3310,01061201,full
3310,01061991,full
3310,01062000,full
3310,01063100,full
3310,01063200,full
3310,01063901,full
3310,01069001,full
3310,02085000,full
3310,02089025,full
3310,03023100,full
3310,03023200,full
3310,03048700,full
3310,04101000,full
3310,05010000,full
3310,05100040,full
3310,06011015,full
3310,06011030,full
3310,06011045,full
3310,06011060,full
3310,06011075,full
3310,06011090,full
3310,06012090,full
3310,06024000,full
3310,06029020,full
3310,06029030,full
3310,06029060,full
3310,06031100,full
3310,06031230,full
3310,06031270,full
3310,06031300,full
3310,06031400,full
3310,06031500,full
3310,06031901,full
3310,06039000,full
3310,06042000,full
3310,06049010,full
3310,06049030,full
3310,06049060,full
3310,12071000,full
3310,12113000,full
3310,12116000,full
3310,12119060,full
3310,12122100,full
3310,12122900,full
3310,12129400,full
3310,13021991,full
3310,13023100,full
3310,14011000,full
3310,14012020,full
3310,14012040,full
3310,14049040,full
3310,15111000,full
3310,15119000,full
3310,15132100,full
3310,15132900,full
3310,15153000,full
3310,15159021,full
3310,15159060,full
3310,16041440,full
3310,21013000,full
3310,21022060,full
3310,23065000,full
3310,29334908,full
3310,33011951,full
3310,33012910,full
3310,33013000,full
3310,38231100,full
3310,38231200,full
3310,38231920,full
3310,38237040,full
3310,44034100,full
3310,44092205,full
3310,44092210,full
3310,44092225,full
3310,44092240,full
3310,44092250,full
3310,44092260,full
3310,44092265,full
3310,44092290,full
3310,44123106,full
3310,44123126,full
3310,44123142,full
3310,44123145,full
3310,44123148,full
3310,44123152,full
3310,44123161,full
3310,44123192,full
3310,44124100,full
3310,44125110,full
3310,44125131,full
3310,44125141,full
3310,44125151,full
3310,44129106,full
3310,44129110,full
3310,44129131,full
3310,44129141,full
3310,44129151,full
3310,45011000,full
3310,45019020,full
3310,45019040,full
3310,45020000,full
3310,45031020,full
3310,45031030,full
3310,45031040,full
3310,45031060,full
3310,45039020,full
3310,45039040,full
3310,45039060,full
3310,45041010,full
3310,45041020,full
3310,45041030,full
3310,45041040,full
3310,45041045,full
3310,45041047,full
3310,45041050,full
3310,45049000,full
3310,46012240,full
3310,46012280,full
3310,46012290,full
3310,46012940,full
3310,46019301,full
3310,46019305,full
3310,46019320,full
3310,46021205,full
3310,46021214,full
3310,46021216,full
3310,46021223,full
3310,46021225,full
3310,46021235,full
3310,46021245,full
3310,50040000,full
3310,50050000,full
3310,50060010,full
3310,50060090,full
3310,50071030,full
3310,50071060,full
3310,50072000,full
3310,50079030,full
3310,71011030,full
3310,71011060,full
3310,71021000,full
3310,71023100,full
3310,71023900,full
3310,71031020,full
3310,71031040,full
3310,71039100,full
3310,71039910,full
3310,71039950,full
3310,72051000,full
3310,81129207,full
3570,01061991,full
3570,01063901,full
3570,05100040,full
3570,06031901,full
3570,12119089,full
3570,12122900,full
3570,13021991,full
3570,14011000,full
3570,14012020,full
3570,15159060,full
3570,15159081,full
3570,21022060,full
3570,33011951,full
3570,44034100,full
3570,44092205,full
3570,44092210,full
3570,44092225,full
3570,44092240,full
3570,44092250,full
3570,44092260,full
3570,44092265,full
3570,44092290,full
3570,44123106,full
3570,44123126,full
3570,44123142,full
3570,44123145,full
3570,44123148,full
3570,44123152,full
3570,44123161,full
3570,44123192,full
3570,44124100,full
3570,44125110,full
3570,44125131,full
3570,44125141,full
3570,44125151,full
3570,44129106,full
3570,44129110,full
3570,44129131,full
3570,44129141,full
3570,44129151,full
3570,45011000,full
3570,45019020,full
3570,45019040,full
3570,45020000,full
3570,45031020,full
3570,45031030,full
3570,45031040,full
3570,45031060,full
3570,45039020,full
3570,45039040,full
3570,45039060,full
3570,45041010,full
3570,45041020,full
3570,45041030,full
3570,45041040,full
3570,45041045,full
3570,45041047,full
3570,45041050,full
3570,45049000,full
3570,46012240,full
3570,46012280,full
3570,46012290,full
3570,46012940,full
3570,46019301,full
3570,46019305,full
3570,46019320,full
3570,46021205,full
3570,46021214,full
3570,46021216,full
3570,46021223,full
3570,46021225,full
3570,46021235,full
3570,46021245,full
3570,50040000,full
3570,50050000,full
3570,50060010,full
3570,50060090,full
3570,50071030,full
3570,50071060,full
3570,50072000,full
3570,50079030,full
3570,71011030,full
3570,71011060,full
3570,71021000,full
3570,71023100,full
3570,71023900,full
3570,71031020,full
3570,71031040,full
3570,71039100,full
3570,71039910,full
3570,71039950,full
3570,72051000,full
3570,81129207,full
4010;4050;4099;4190;4210;4231;4239;4279;4280;4330;4351;4359;4370;4470;4490;4510;4550;4700;4710;4730;4759;4791;4792;4840;4850;4870;4910,38231100,full
4010;4050;4099;4190;4210;4231;4239;4279;4280;4330;4351;4359;4370;4470;4490;4510;4550;4700;4710;4730;4759;4791;4792;4840;4850;4870;4910,38231200,full
4010;4050;4099;4190;4210;4231;4239;4279;4280;4330;4351;4359;4370;4470;4490;4510;4550;4700;4710;4730;4759;4791;4792;4840;4850;4870;4910,38231920,full
4010;4050;4099;4190;4210;4231;4239;4279;4280;4330;4351;4359;4370;4470;4490;4510;4550;4700;4710;4730;4759;4791;4792;4840;4850;4870;4910,38237040,full
4010;4050;4099;4190;4210;4231;4239;4279;4280;4330;4351;4359;4370;4470;4490;4510;4550;4700;4710;4730;4759;4791;4792;4840;4850;4870;4910,45011000,full
4010;4050;4099;4190;4210;4231;4239;4279;4280;4330;4351;4359;4370;4470;4490;4510;4550;4700;4710;4730;4759;4791;4792;4840;4850;4870;4910,45019020,full
4010;4050;4099;4190;4210;4231;4239;4279;4280;4330;4351;4359;4370;4470;4490;4510;4550;4700;4710;4730;4759;4791;4792;4840;4850;4870;4910,45019040,full
4010;4050;4099;4190;4210;4231;4239;4279;4280;4330;4351;4359;4370;4470;4490;4510;4550;4700;4710;4730;4759;4791;4792;4840;4850;4870;4910,45020000,full
4010;4050;4099;4190;4210;4231;4239;4279;4280;4330;4351;4359;4370;4470;4490;4510;4550;4700;4710;4730;4759;4791;4792;4840;4850;4870;4910,45031020,full
4010;4050;4099;4190;4210;4231;4239;4279;4280;4330;4351;4359;4370;4470;4490;4510;4550;4700;4710;4730;4759;4791;4792;4840;4850;4870;4910,45031030,full
4010;4050;4099;4190;4210;4231;4239;4279;4280;4330;4351;4359;4370;4470;4490;4510;4550;4700;4710;4730;4759;4791;4792;4840;4850;4870;4910,45031040,full
4010;4050;4099;4190;4210;4231;4239;4279;4280;4330;4351;4359;4370;4470;4490;4510;4550;4700;4710;4730;4759;4791;4792;4840;4850;4870;4910,45031060,full
4010;4050;4099;4190;4210;4231;4239;4279;4280;4330;4351;4359;4370;4470;4490;4510;4550;4700;4710;4730;4759;4791;4792;4840;4850;4870;4910,45039020,full
4010;4050;4099;4190;4210;4231;4239;4279;4280;4330;4351;4359;4370;4470;4490;4510;4550;4700;4710;4730;4759;4791;4792;4840;4850;4870;4910,45039040,full
4010;4050;4099;4190;4210;4231;4239;4279;4280;4330;4351;4359;4370;4470;4490;4510;4550;4700;4710;4730;4759;4791;4792;4840;4850;4870;4910,45039060,full
4010;4050;4099;4190;4210;4231;4239;4279;4280;4330;4351;4359;4370;4470;4490;4510;4550;4700;4710;4730;4759;4791;4792;4840;4850;4870;4910,45041010,full
4010;4050;4099;4190;4210;4231;4239;4279;4280;4330;4351;4359;4370;4470;4490;4510;4550;4700;4710;4730;4759;4791;4792;4840;4850;4870;4910,45041020,full
4010;4050;4099;4190;4210;4231;4239;4279;4280;4330;4351;4359;4370;4470;4490;4510;4550;4700;4710;4730;4759;4791;4792;4840;4850;4870;4910,45041030,full
4010;4050;4099;4190;4210;4231;4239;4279;4280;4330;4351;4359;4370;4470;4490;4510;4550;4700;4710;4730;4759;4791;4792;4840;4850;4870;4910,45041040,full
4010;4050;4099;4190;4210;4231;4239;4279;4280;4330;4351;4359;4370;4470;4490;4510;4550;4700;4710;4730;4759;4791;4792;4840;4850;4870;4910,45041045,full
4010;4050;4099;4190;4210;4231;4239;4279;4280;4330;4351;4359;4370;4470;4490;4510;4550;4700;4710;4730;4759;4791;4792;4840;4850;4870;4910,45041047,full
4010;4050;4099;4190;4210;4231;4239;4279;4280;4330;4351;4359;4370;4470;4490;4510;4550;4700;4710;4730;4759;4791;4792;4840;4850;4870;4910,45041050,full
4010;4050;4099;4190;4210;4231;4239;4279;4280;4330;4351;4359;4370;4470;4490;4510;4550;4700;4710;4730;4759;4791;4792;4840;4850;4870;4910,45049000,full
4010;4050;4099;4190;4210;4231;4239;4279;4280;4330;4351;4359;4370;4470;4490;4510;4550;4700;4710;4730;4759;4791;4792;4840;4850;4870;4910,50040000,full
4010;4050;4099;4190;4210;4231;4239;4279;4280;4330;4351;4359;4370;4470;4490;4510;4550;4700;4710;4730;4759;4791;4792;4840;4850;4870;4910,50050000,full
4010;4050;4099;4190;4210;4231;4239;4279;4280;4330;4351;4359;4370;4470;4490;4510;4550;4700;4710;4730;4759;4791;4792;4840;4850;4870;4910,50060010,full
4010;4050;4099;4190;4210;4231;4239;4279;4280;4330;4351;4359;4370;4470;4490;4510;4550;4700;4710;4730;4759;4791;4792;4840;4850;4870;4910,50060090,full
4010;4050;4099;4190;4210;4231;4239;4279;4280;4330;4351;4359;4370;4470;4490;4510;4550;4700;4710;4730;4759;4791;4792;4840;4850;4870;4910,50071030,full
4010;4050;4099;4190;4210;4231;4239;4279;4280;4330;4351;4359;4370;4470;4490;4510;4550;4700;4710;4730;4759;4791;4792;4840;4850;4870;4910,50071060,full
4010;4050;4099;4190;4210;4231;4239;4279;4280;4330;4351;4359;4370;4470;4490;4510;4550;4700;4710;4730;4759;4791;4792;4840;4850;4870;4910,50072000,full
4010;4050;4099;4190;4210;4231;4239;4279;4280;4330;4351;4359;4370;4470;4490;4510;4550;4700;4710;4730;4759;4791;4792;4840;4850;4870;4910,50079030,full
4010;4050;4099;4190;4210;4231;4239;4279;4280;4330;4351;4359;4370;4470;4490;4510;4550;4700;4710;4730;4759;4791;4792;4840;4850;4870;4910,71011030,full
4010;4050;4099;4190;4210;4231;4239;4279;4280;4330;4351;4359;4370;4470;4490;4510;4550;4700;4710;4730;4759;4791;4792;4840;4850;4870;4910,71011060,full
4010;4050;4099;4190;4210;4231;4239;4279;4280;4330;4351;4359;4370;4470;4490;4510;4550;4700;4710;4730;4759;4791;4792;4840;4850;4870;4910,71021000,full
4010;4050;4099;4190;4210;4231;4239;4279;4280;4330;4351;4359;4370;4470;4490;4510;4550;4700;4710;4730;4759;4791;4792;4840;4850;4870;4910,71023100,full
4010;4050;4099;4190;4210;4231;4239;4279;4280;4330;4351;4359;4370;4470;4490;4510;4550;4700;4710;4730;4759;4791;4792;4840;4850;4870;4910,71023900,full
4010;4050;4099;4190;4210;4231;4239;4279;4280;4330;4351;4359;4370;4470;4490;4510;4550;4700;4710;4730;4759;4791;4792;4840;4850;4870;4910,71031020,full
4010;4050;4099;4190;4210;4231;4239;4279;4280;4330;4351;4359;4370;4470;4490;4510;4550;4700;4710;4730;4759;4791;4792;4840;4850;4870;4910,71031040,full
4010;4050;4099;4190;4210;4231;4239;4279;4280;4330;4351;4359;4370;4470;4490;4510;4550;4700;4710;4730;4759;4791;4792;4840;4850;4870;4910,71039100,full
4010;4050;4099;4190;4210;4231;4239;4279;4280;4330;4351;4359;4370;4470;4490;4510;4550;4700;4710;4730;4759;4791;4792;4840;4850;4870;4910,71039910,full
4010;4050;4099;4190;4210;4231;4239;4279;4280;4330;4351;4359;4370;4470;4490;4510;4550;4700;4710;4730;4759;4791;4792;4840;4850;4870;4910,71039950,full
4010;4050;4099;4190;4210;4231;4239;4279;4280;4330;4351;4359;4370;4470;4490;4510;4550;4700;4710;4730;4759;4791;4792;4840;4850;4870;4910,72051000,full
4010;4050;4099;4190;4210;4231;4239;4279;4280;4330;4351;4359;4370;4470;4490;4510;4550;4700;4710;4730;4759;4791;4792;4840;4850;4870;4910,81129207,full
4120,22083030,full
4120,22083060,full
4120,8419200010,full
4120,90181130,full
4120,90181160,full
4120,90181190,full
4120,90181200,full
4120,90181300,full
4120,90181400,full
4120,90181940,full
4120,90181955,full
4120,90181975,full
4120,90181995,full
4120,90182000,full
4120,90184100,full
4120,90184940,full
4120,90184980,full
4120,90185000,full
4120,90189020,full
4120,90189030,full
4120,90189050,full
4120,90189060,full
4120,90189064,full
4120,90189068,full
4120,90189075,full
4120,90189080,full
4120,90191020,full
4120,90191040,full
4120,90192000,full
4120,90200060,full
4120,90200090,full
4120,90213100,full
4120,90213900,full
4120,90214000,full
4120,90215000,full
4120,90219040,full
4120,90219081,full
4120,90221200,full
4120,90221300,full
4120,90221400,full
4120,90221900,full
4120,90222100,full
4120,90223000,full
4120,90229005,full
4120,90229015,full
4120,90229025,full
4120,90229040,full
4120,90229060,full
4120,90229095,full
4419,01061400,full
4419,01061930,full
4419,01061991,full
4419,01062000,full
4419,01063100,full
4419,01063901,full
4419,01069001,full
4419,02085000,full
4419,02089025,full
4419,04101000,full
4419,05010000,full
4419,05100040,full
4419,06011015,full
4419,06011030,full
4419,06011045,full
4419,06011060,full
4419,06011075,full
4419,06011090,full
4419,06012090,full
4419,06024000,full
4419,06029030,full
4419,06029060,full
4419,06031100,full
4419,06031230,full
4419,06031270,full
4419,06031400,full
4419,06031500,full
4419,06031901,full
4419,06039000,full
4419,06042000,full
4419,06049010,full
4419,06049030,full
4419,06049060,full
4419,12129400,full
4419,13021921,full
4419,13023100,full
4419,13023200,full
4419,14049030,full
4419,14049040,full
4419,15153000,full
4419,15159021,full
4419,21013000,full
4419,21022060,full
4419,33011951,full
4419,33012910,full
4419,33013000,full
4419,38231100,full
4419,38231200,full
4419,38237040,full
4419,44034100,full
4419,44092205,full
4419,44092210,full
4419,44092225,full
4419,44092240,full
4419,44092250,full
4419,44092260,full
4419,44092265,full
4419,44092290,full
4419,44123106,full
4419,44123126,full
4419,44123142,full
4419,44123145,full
4419,44123148,full
4419,44123152,full
4419,44123161,full
4419,44123192,full
4419,44124100,full
4419,44125110,full
4419,44125131,full
4419,44125141,full
4419,44125151,full
4419,44129106,full
4419,44129110,full
4419,44129131,full
4419,44129141,full
4419,44129151,full
4419,45011000,full
4419,45019020,full
4419,45019040,full
4419,45020000,full
4419,45031020,full
4419,45031030,full
4419,45031040,full
4419,45031060,full
4419,45039020,full
4419,45039040,full
4419,45039060,full
4419,45041010,full
4419,45041020,full
4419,45041030,full
4419,45041040,full
4419,45041045,full
4419,45041047,full
4419,45041050,full
4419,45049000,full
4419,46012240,full
4419,46012280,full
4419,46012290,full
4419,46012940,full
4419,46019301,full
4419,46019305,full
4419,46019320,full
4419,46021205,full
4419,46021214,full
4419,46021216,full
4419,46021223,full
4419,46021225,full
4419,46021235,full
4419,46021245,full
4419,50010000,full
4419,50020000,full
4419,50030010,full
4419,50030090,full
4419,50040000,full
4419,50050000,full
4419,50060010,full
4419,50060090,full
4419,50071030,full
4419,50071060,full
4419,50072000,full
4419,50079030,full
4419,51021190,full
4419,71011030,full
4419,71011060,full
4419,71021000,full
4419,71023100,full
4419,71023900,full
4419,71031020,full
4419,71031040,full
4419,71039100,full
4419,71039910,full
4419,71039950,full
4419,72051000,full
4419,81129207,full
5110,01061300,full
5110,01061400,full
5110,01061930,full
5110,01061991,full
5110,01062000,full
5110,01063100,full
5110,01063200,full
5110,01063901,full
5110,01069001,full
5110,04101000,full
5110,05010000,full
5110,05100040,full
5110,06011015,full
5110,06011030,full
5110,06011045,full
5110,06011060,full
5110,06011075,full
5110,06011090,full
5110,06012090,full
5110,06024000,full
5110,06029020,full
5110,06029030,full
5110,06029060,full
5110,06031100,full
5110,06031230,full
5110,06031270,full
5110,06031300,full
5110,06031400,full
5110,06031500,full
5110,06031901,full
5110,06039000,full
5110,06042000,full
5110,06049010,full
5110,06049030,full
5110,06049060,full
5110,12071000,full
5110,12116000,full
5110,12119060,full
5110,12119089,full
5110,12129400,full
5110,13012000,full
5110,13021921,full
5110,13021991,full
5110,13023100,full
5110,13023200,full
5110,14012020,full
5110,14012040,full
5110,14049030,full
5110,14049040,full
5110,15111000,full
5110,15119000,full
5110,15132100,full
5110,15132900,full
5110,15153000,full
5110,15159021,full
5110,15159060,full
5110,21013000,full
5110,21022060,full
5110,23065000,full
5110,33011951,full
5110,33012910,full
5110,33013000,full
5110,38231100,full
5110,38231200,full
5110,38231920,full
5110,38237040,full
5110,44034100,full
5110,44092205,full
5110,44092210,full
5110,44092225,full
5110,44092240,full
5110,44092250,full
5110,44092260,full
5110,44092265,full
5110,44092290,full
5110,44123106,full
5110,44123126,full
5110,44123142,full
5110,44123145,full
5110,44123148,full
5110,44123152,full
5110,44123161,full
5110,44123192,full
5110,44124100,full
5110,44125110,full
5110,44125131,full
5110,44125141,full
5110,44125151,full
5110,44129106,full
5110,44129110,full
5110,44129131,full
5110,44129141,full
5110,44129151,full
5110,45011000,full
5110,45019020,full
5110,45019040,full
5110,45020000,full
5110,45031020,full
5110,45031030,full
5110,45031040,full
5110,45031060,full
5110,45039020,full
5110,45039040,full
5110,45039060,full
5110,45041010,full
5110,45041020,full
5110,45041030,full
5110,45041040,full
5110,45041045,full
5110,45041047,full
5110,45041050,full
5110,45049000,full
5110,46012240,full
5110,46012280,full
5110,46012290,full
5110,46012940,full
5110,46019301,full
5110,46019305,full
5110,46019320,full
5110,46021205,full
5110,46021214,full
5110,46021216,full
5110,46021223,full
5110,46021225,full
5110,46021235,full
5110,46021245,full
5110,50010000,full
5110,50020000,full
5110,50030010,full
5110,50030090,full
5110,50040000,full
5110,50050000,full
5110,50060010,full
5110,50060090,full
5110,50071030,full
5110,50071060,full
5110,50072000,full
5110,50079030,full
5110,51021190,full
5110,51021920,full
5110,71011030,full
5110,71011060,full
5110,71021000,full
5110,71023100,full
5110,71023900,full
5110,71031020,full
5110,71031040,full
5110,71039100,full
5110,71039910,full
5110,71039950,full
5110,72051000,full
5110,81129207,full
5380,06049030,full
5380,12119089,full
5380,12129400,full
5380,14011000,full
5380,15153000,full
5380,15159081,full
5380,21022060,full
5380,44034100,full
5380,44092205,full
5380,44092210,full
5380,44092225,full
5380,44092240,full
5380,44092250,full
5380,44092260,full
5380,44092265,full
5380,44092290,full
5380,44123106,full
5380,44123126,full
5380,44123142,full
5380,44123145,full
5380,44123148,full
5380,44123152,full
5380,44123161,full
5380,44123192,full
5380,44124100,full
5380,44125110,full
5380,44125131,full
5380,44125141,full
5380,44125151,full
5380,44129106,full
5380,44129110,full
5380,44129131,full
5380,44129141,full
5380,44129151,full
5380,45011000,full
5380,45019020,full
5380,45019040,full
5380,45020000,full
5380,45031020,full
5380,45031030,full
5380,45031040,full
5380,45031060,full
5380,45039020,full
5380,45039040,full
5380,45039060,full
5380,45041010,full
5380,45041020,full
5380,45041030,full
5380,45041040,full
5380,45041045,full
5380,45041047,full
5380,45041050,full
5380,45049000,full
5380,46012240,full
5380,46012280,full
5380,46012290,full
5380,46012940,full
5380,46019301,full
5380,46019305,full
5380,46019320,full
5380,46021205,full
5380,46021214,full
5380,46021216,full
5380,46021223,full
5380,46021225,full
5380,46021235,full
5380,46021245,full
5380,50040000,full
5380,50050000,full
5380,50060010,full
5380,50060090,full
5380,50071030,full
5380,50071060,full
5380,50072000,full
5380,50079030,full
5380,71011030,full
5380,71011060,full
5380,71021000,full
5380,71023100,full
5380,71023900,full
5380,71031020,full
5380,71031040,full
5380,71039100,full
5380,71039910,full
5380,71039950,full
5380,72051000,full
5380,81129207,full
5550,01061100,full
5550,01061991,full
5550,01062000,full
5550,01063100,full
5550,01063200,full
5550,01063901,full
5550,01069001,full
5550,02085000,full
5550,02089025,full
5550,04101000,full
5550,05010000,full
5550,05100040,full
5550,06011015,full
5550,06011030,full
5550,06011045,full
5550,06011060,full
5550,06011075,full
5550,06011090,full
5550,06012090,full
5550,06024000,full
5550,06029020,full
5550,06029030,full
5550,06029060,full
5550,06031100,full
5550,06031230,full
5550,06031270,full
5550,06031300,full
5550,06031400,full
5550,06031500,full
5550,06031901,full
5550,06039000,full
5550,06042000,full
5550,06049010,full
5550,06049030,full
5550,06049060,full
5550,12071000,full
5550,12113000,full
5550,12116000,full
5550,12119060,full
5550,12119089,full
5550,12122100,full
5550,12122900,full
5550,12129400,full
5550,13012000,full
5550,13019091,full
5550,13021921,full
5550,13021991,full
5550,13023100,full
5550,13023200,full
5550,14011000,full
5550,14012020,full
5550,14012040,full
5550,14049030,full
5550,14049040,full
5550,15111000,full
5550,15119000,full
5550,15132100,full
5550,15132900,full
5550,15153000,full
5550,15159021,full
5550,15159060,full
5550,21013000,full
5550,21022060,full
5550,23065000,full
5550,33011951,full
5550,33012910,full
5550,33013000,full
5550,38231100,full
5550,38231200,full
5550,38231920,full
5550,38237040,full
5550,44034100,full
5550,44092205,full
5550,44092210,full
5550,44092225,full
5550,44092240,full
5550,44092250,full
5550,44092260,full
5550,44092265,full
5550,44092290,full
5550,44123106,full
5550,44123126,full
5550,44123142,full
5550,44123145,full
5550,44123148,full
5550,44123152,full
5550,44123161,full
5550,44123192,full
5550,44124100,full
5550,44125110,full
5550,44125131,full
5550,44125141,full
5550,44125151,full
5550,44129106,full
5550,44129110,full
5550,44129131,full
5550,44129141,full
5550,44129151,full
5550,45011000,full
5550,45019020,full
5550,45019040,full
5550,45020000,full
5550,45031020,full
5550,45031030,full
5550,45031040,full
5550,45031060,full
5550,45039020,full
5550,45039040,full
5550,45039060,full
5550,45041010,full
5550,45041020,full
5550,45041030,full
5550,45041040,full
5550,45041045,full
5550,45041047,full
5550,45041050,full
5550,45049000,full
5550,46012240,full
5550,46012280,full
5550,46012290,full
5550,46012940,full
5550,46019301,full
5550,46019305,full
5550,46019320,full
5550,46021205,full
5550,46021214,full
5550,46021216,full
5550,46021223,full
5550,46021225,full
5550,46021235,full
5550,46021245,full
5550,50010000,full
5550,50020000,full
5550,50030010,full
5550,50030090,full
5550,50040000,full
5550,50050000,full
5550,50060010,full
5550,50060090,full
5550,50071030,full
5550,50071060,full
5550,50072000,full
5550,50079030,full
5550,51021190,full
5550,51021920,full
5550,71011030,full
5550,71011060,full
5550,71021000,full
5550,71023100,full
5550,71023900,full
5550,71031020,full
5550,71031040,full
5550,71039100,full
5550,71039910,full
5550,71039950,full
5550,72051000,full
5550,81129207,full
5570,01061991,full
5570,01062000,full
5570,01069001,full
5570,04101000,full
5570,06029020,full
5570,06031300,full
5570,06031400,full
5570,06031901,full
5570,06042000,full
5570,06049010,full
5570,12119089,full
5570,13019091,full
5570,14011000,full
5570,15111000,full
5570,15119000,full
5570,15132900,full
5570,15153000,full
5570,15159081,full
5570,21022060,full
5570,23065000,full
5570,38231100,full
5570,38231200,full
5570,38231920,full
5570,38237040,full
5570,44034100,full
5570,44092205,full
5570,44092210,full
5570,44092225,full
5570,44092240,full
5570,44092250,full
5570,44092260,full
5570,44092265,full
5570,44092290,full
5570,44123106,full
5570,44123126,full
5570,44123142,full
5570,44123145,full
5570,44123148,full
5570,44123152,full
5570,44123161,full
5570,44123192,full
5570,44124100,full
5570,44125110,full
5570,44125131,full
5570,44125141,full
5570,44125151,full
5570,44129106,full
5570,44129110,full
5570,44129131,full
5570,44129141,full
5570,44129151,full
5570,45011000,full
5570,45019020,full
5570,45019040,full
5570,45020000,full
5570,45031020,full
5570,45031030,full
5570,45031040,full
5570,45031060,full
5570,45039020,full
5570,45039040,full
5570,45039060,full
5570,45041010,full
5570,45041020,full
5570,45041030,full
5570,45041040,full
5570,45041045,full
5570,45041047,full
5570,45041050,full
5570,45049000,full
5570,46012240,full
5570,46012280,full
5570,46012290,full
5570,46012940,full
5570,46019301,full
5570,46019305,full
5570,46019320,full
5570,46021205,full
5570,46021214,full
5570,46021216,full
5570,46021223,full
5570,46021225,full
5570,46021235,full
5570,46021245,full
5570,50040000,full
5570,50050000,full
5570,50060010,full
5570,50060090,full
5570,50071030,full
5570,50071060,full
5570,50072000,full
5570,50079030,full
5570,71011030,full
5570,71011060,full
5570,71021000,full
5570,71023100,full
5570,71023900,full
5570,71031020,full
5570,71031040,full
5570,71039100,full
5570,71039910,full
5570,71039950,full
5570,72051000,full
5570,81129207,full
5600,01061100,full
5600,01061201,full
5600,01061991,full
5600,01062000,full
5600,01063200,full
5600,01063901,full
5600,01069001,full
5600,02085000,full
5600,02089025,full
5600,04101000,full
5600,05010000,full
5600,05100040,full
5600,06011015,full
5600,06011030,full
5600,06011045,full
5600,06011060,full
5600,06011075,full
5600,06011090,full
5600,06012090,full
5600,06024000,full
5600,06029020,full
5600,06029030,full
5600,06029060,full
5600,06031100,full
5600,06031230,full
5600,06031270,full
5600,06031300,full
5600,06031400,full
5600,06031500,full
5600,06031901,full
5600,06039000,full
5600,06042000,full
5600,06049010,full
5600,06049030,full
5600,06049060,full
5600,12071000,full
5600,12113000,full
5600,12119060,full
5600,12122100,full
5600,12122900,full
5600,13021991,full
5600,13023100,full
5600,13023200,full
5600,14011000,full
5600,14012020,full
5600,14012040,full
5600,14049030,full
5600,14049040,full
5600,15111000,full
5600,15119000,full
5600,15132100,full
5600,15132900,full
5600,15153000,full
5600,15159021,full
5600,15159060,full
5600,21022060,full
5600,23065000,full
5600,33011951,full
5600,33012910,full
5600,33013000,full
5600,38231100,full
5600,38231200,full
5600,38231920,full
5600,38237040,full
5600,44034100,full
5600,44092205,full
5600,44092210,full
5600,44092225,full
5600,44092240,full
5600,44092250,full
5600,44092260,full
5600,44092265,full
5600,44092290,full
5600,44123106,full
5600,44123126,full
5600,44123142,full
5600,44123145,full
5600,44123148,full
5600,44123152,full
5600,44123161,full
5600,44123192,full
5600,44124100,full
5600,44125110,full
5600,44125131,full
5600,44125141,full
5600,44125151,full
5600,44129106,full
5600,44129110,full
5600,44129131,full
5600,44129141,full
5600,44129151,full
5600,45011000,full
5600,45019020,full
5600,45019040,full
5600,45020000,full
5600,45031020,full
5600,45031030,full
5600,45031040,full
5600,45031060,full
5600,45039020,full
5600,45039040,full
5600,45039060,full
5600,45041010,full
5600,45041020,full
5600,45041030,full
5600,45041040,full
5600,45041045,full
5600,45041047,full
5600,45041050,full
5600,45049000,full
5600,46012240,full
5600,46012280,full
5600,46012290,full
5600,46012940,full
5600,46019301,full
5600,46019305,full
5600,46019320,full
5600,46021205,full
5600,46021214,full
5600,46021216,full
5600,46021223,full
5600,46021225,full
5600,46021235,full
5600,46021245,full
5600,50010000,full
5600,50020000,full
5600,50030010,full
5600,50030090,full
5600,50040000,full
5600,50050000,full
5600,50060010,full
5600,50060090,full
5600,50071030,full
5600,50071060,full
5600,50072000,full
5600,50079030,full
5600,71011030,full
5600,71011060,full
5600,71021000,full
5600,71023100,full
5600,71023900,full
5600,71031020,full
5600,71031040,full
5600,71039100,full
5600,71039910,full
5600,71039950,full
5600,72051000,full
5600,81129207,full
5830,01061991,full
5830,01062000,full
5830,01069001,full
5830,06011090,full
5830,06029020,full
5830,06031100,full
5830,06031230,full
5830,06031270,full
5830,06031300,full
5830,06031400,full
5830,06031500,full
5830,06031901,full
5830,06042000,full
5830,06049010,full
5830,06049030,full
5830,06049060,full
5830,12119089,full
5830,12122100,full
5830,12122900,full
5830,13019091,full
5830,13021991,full
5830,13023100,full
5830,14011000,full
5830,15119000,full
5830,15159081,full
5830,21022060,full
5830,33011951,full
5830,33012910,full
5830,33013000,full
5830,38231100,full
5830,38231200,full
5830,38231920,full
5830,38237040,full
5830,44034100,full
5830,44092205,full
5830,44092210,full
5830,44092225,full
5830,44092240,full
5830,44092250,full
5830,44092260,full
5830,44092265,full
5830,44092290,full
5830,44123106,full
5830,44123126,full
5830,44123142,full
5830,44123145,full
5830,44123148,full
5830,44123152,full
5830,44123161,full
5830,44123192,full
5830,44124100,full
5830,44125110,full
5830,44125131,full
5830,44125141,full
5830,44125151,full
5830,44129106,full
5830,44129110,full
5830,44129131,full
5830,44129141,full
5830,44129151,full
5830,45011000,full
5830,45019020,full
5830,45019040,full
5830,45020000,full
5830,45031020,full
5830,45031030,full
5830,45031040,full
5830,45031060,full
5830,45039020,full
5830,45039040,full
5830,45039060,full
5830,45041010,full
5830,45041020,full
5830,45041030,full
5830,45041040,full
5830,45041045,full
5830,45041047,full
5830,45041050,full
5830,45049000,full
5830,46012240,full
5830,46012280,full
5830,46012290,full
5830,46012940,full
5830,46019301,full
5830,46019305,full
5830,46019320,full
5830,46021205,full
5830,46021214,full
5830,46021216,full
5830,46021223,full
5830,46021225,full
5830,46021235,full
5830,46021245,full
5830,50010000,full
5830,50020000,full
5830,50030010,full
5830,50030090,full
5830,50040000,full
5830,50050000,full
5830,50060010,full
5830,50060090,full
5830,50071030,full
5830,50071060,full
5830,50072000,full
5830,50079030,full
5830,51021190,full
5830,71011030,full
5830,71011060,full
5830,71021000,full
5830,71023100,full
5830,71023900,full
5830,71031020,full
5830,71031040,full
5830,71039100,full
5830,71039910,full
5830,71039950,full
5830,72051000,full
5830,81129207,full
